Date,Rank,Team,Conf,W-L,AdjEM,AdjO,AdjO_Rk,AdjD,AdjD_Rk,AdjT,AdjT_Rk,Luck,Luck_Rk,SOS_AdjEM,SOS_AdjEM_Rk,OppO,OppO_Rk,OppD,OppD_Rk,NC_SOS_AdjEM,NC_SOS_AdjEM_Rk
2011-11-21,1,Kentucky,SEC,4-0,.9690,118.4,2,84.6,1,68.4,131,+.085,66,.5979,129,101.4,142,97.5,110,.5979,129
2011-11-21,2,Ohio St.,B10,4-0,.9617,118.0,3,86.1,2,67.8,155,+.035,115,.3701,270,96.0,288,101.1,237,.3701,270
2011-11-21,3,Wisconsin,B10,3-0,.9497,117.4,4,88.1,10,58.3,345,+.002,158,.1711,332,92.6,330,108.0,334,.1711,332
2011-11-21,4,Syracuse,BE,4-0,.9413,115.1,6,87.8,8,69.5,77,+.001,159,.2495,314,94.6,312,105.3,309,.2495,314
2011-11-21,5,North Carolina,ACC,3-0,.9350,114.0,9,87.9,9,72.8,12,+.000,161,.5665,145,100.5,165,97.9,121,.5665,145
2011-11-21,6,Duke,ACC,5-0,.9320,114.4,7,88.6,11,70.9,34,+.194,11,.6544,93,103.6,86,97.4,101,.6544,93
2011-11-21,7,Louisville,BE,3-0,.9226,109.9,31,86.3,4,68.1,143,+.003,156,.4066,251,96.4,282,100.0,184,.4066,251
2011-11-21,8,Florida,SEC,3-1,.9059,117.2,5,93.9,55,66.6,227,-.076,277,.5159,175,98.2,236,97.6,111,.5159,175
2011-11-21,9,Marquette,BE,5-0,.9034,113.7,10,91.4,24,69.8,62,+.077,73,.3582,277,95.0,306,100.5,208,.3582,277
2011-11-21,10,Kansas,B12,2-1,.9017,112.9,13,90.9,18,69.8,64,-.015,222,.7040,53,106.1,44,97.5,106,.7040,53
2011-11-21,11,Alabama,SEC,5-0,.8988,106.6,55,86.2,3,64.7,299,+.005,155,.6488,96,103.7,84,97.7,117,.6488,96
2011-11-21,12,Missouri,B12,4-0,.8981,113.6,11,91.8,28,71.6,25,+.002,157,.3572,278,97.6,249,103.4,281,.3572,278
2011-11-21,13,California,P12,4-0,.8895,111.9,17,91.3,22,68.7,114,+.000,168,.4319,230,97.5,250,100.2,189,.4319,230
2011-11-21,14,Connecticut,BE,4-0,.8875,111.5,19,91.1,19,66.0,251,+.000,164,.2619,312,96.5,278,106.8,328,.2619,312
2011-11-21,15,Nevada Las Vegas,MWC,4-0,.8741,109.8,33,90.9,17,69.4,81,+.088,61,.3483,283,96.2,286,102.3,258,.3483,283
2011-11-21,16,Belmont,ASun,2-2,.8735,111.6,18,92.4,34,69.7,67,-.130,312,.7513,41,106.9,37,95.9,62,.7513,41
2011-11-21,17,Purdue,B10,4-1,.8728,109.2,39,90.5,15,68.7,116,+.129,39,.5791,140,101.8,132,98.7,141,.5791,140
2011-11-21,18,Pittsburgh,BE,2-1,.8711,118.6,1,98.5,135,63.0,330,-.023,231,.4008,257,100.4,172,104.4,301,.4008,257
2011-11-21,19,Florida St.,ACC,4-0,.8705,104.1,94,86.5,5,69.0,104,+.052,99,.2550,313,94.9,307,105.4,312,.2550,313
2011-11-21,20,St. Mary's,WCC,2-0,.8678,112.3,15,93.4,47,66.6,225,+.000,175,.6202,112,101.3,143,96.6,81,.6202,112
2011-11-21,21,Temple,A10,3-1,.8652,109.6,36,91.4,23,66.3,240,+.084,67,.7455,43,105.0,56,94.6,41,.7455,43
2011-11-21,22,Michigan St.,B10,2-2,.8647,105.0,78,87.6,6,68.1,148,-.170,330,.6012,123,101.2,148,97.2,98,.6012,123
2011-11-21,23,Vanderbilt,SEC,4-1,.8609,112.1,16,93.8,51,68.5,126,+.142,30,.6261,108,103.0,98,97.9,122,.6261,108
2011-11-21,24,Baylor,B12,3-0,.8591,110.3,29,92.5,35,68.5,125,+.035,118,.2023,328,90.5,340,103.4,284,.2023,328
2011-11-21,25,Gonzaga,WCC,3-0,.8534,111.1,24,93.6,48,68.4,133,+.051,101,.4470,218,98.6,226,100.7,217,.4470,218
2011-11-21,26,Indiana,B10,5-0,.8513,112.4,14,94.8,63,68.7,113,+.000,171,.2770,306,93.5,320,102.6,267,.2770,306
2011-11-21,27,Xavier,A10,3-0,.8482,110.0,30,93.0,43,67.6,159,+.054,98,.3366,287,96.9,272,103.5,287,.3366,287
2011-11-21,28,Memphis,CUSA,1-1,.8478,110.4,28,93.3,45,69.9,60,-.016,223,.8108,22,107.8,26,93.6,28,.8108,22
2011-11-21,29,Georgetown,BE,2-1,.8462,109.5,37,92.7,39,65.5,267,-.162,326,.4301,232,97.9,241,100.6,212,.4301,232
2011-11-21,30,Minnesota,B10,4-0,.8459,108.6,42,92.0,30,66.8,212,+.034,119,.4108,249,97.9,240,101.4,245,.4108,249
2011-11-21,31,St. Louis,A10,3-0,.8457,103.5,108,87.7,7,65.0,289,+.026,127,.5104,180,100.0,192,99.6,170,.5104,180
2011-11-21,32,Miami FL,ACC,3-0,.8382,113.1,12,96.3,89,64.9,291,+.000,170,.3593,276,96.8,273,102.4,263,.3593,276
2011-11-21,33,Texas,B12,2-2,.8317,111.1,23,95.1,67,69.3,87,-.191,338,.5418,160,101.8,130,100.2,191,.5418,160
2011-11-21,34,Brigham Young,WCC,2-1,.8311,109.9,32,94.0,58,70.9,36,-.179,335,.4460,220,103.2,93,105.4,311,.4460,220
2011-11-21,35,Northwestern,B10,4-0,.8293,114.1,8,97.8,119,64.4,308,+.156,25,.4860,196,98.4,232,98.9,157,.4860,196
2011-11-21,36,Clemson,ACC,2-1,.8289,105.5,65,90.4,14,66.0,249,-.158,325,.3004,298,96.5,280,104.8,303,.3004,298
2011-11-21,37,Michigan,B10,4-0,.8256,107.2,49,92.1,33,63.1,329,+.040,110,.2737,307,96.3,285,105.9,321,.2737,307
2011-11-21,38,Oklahoma St.,B12,3-0,.8253,107.1,50,92.1,32,67.1,195,+.078,72,.1615,334,91.2,336,107.0,330,.1615,334
2011-11-21,39,Washington,P12,3-1,.8209,110.5,27,95.3,70,72.9,10,+.060,93,.5427,159,100.6,160,99.0,158,.5427,159
2011-11-21,40,West Virginia,BE,2-1,.8187,109.4,38,94.4,59,65.6,264,-.002,207,.3772,267,98.4,231,103.3,280,.3772,267
2011-11-21,41,New Mexico,MWC,2-1,.8177,108.7,41,93.9,52,66.9,205,+.079,71,.6553,91,103.8,80,97.5,108,.6553,91
2011-11-21,42,Iona,MAAC,2-1,.8173,111.3,22,96.1,83,72.1,18,-.091,285,.7422,44,105.8,46,95.4,54,.7422,44
2011-11-21,43,Cincinnati,BE,3-1,.8171,105.1,74,90.8,16,64.6,301,-.129,310,.1556,337,90.8,338,107.1,331,.1556,337
2011-11-21,44,Virginia Tech,ACC,3-0,.8162,106.0,62,91.6,26,66.2,243,+.102,50,.2178,319,93.3,321,105.7,317,.2178,319
2011-11-21,45,Wichita St.,MVC,2-2,.8127,107.1,51,92.8,41,67.9,151,-.131,313,.6780,74,104.0,73,96.7,86,.6780,74
2011-11-21,46,Texas A&M,B12,3-1,.8095,106.8,53,92.8,40,64.0,317,+.023,130,.3680,271,97.6,248,102.9,276,.3680,271
2011-11-21,47,Villanova,BE,3-0,.8079,110.6,26,96.1,82,67.6,162,+.114,48,.2157,320,93.5,319,106.1,322,.2157,320
2011-11-21,48,Arizona,P12,4-1,.8070,109.8,34,95.5,73,66.8,214,+.086,64,.5757,143,102.3,117,99.3,163,.5757,143
2011-11-21,49,Notre Dame,BE,4-1,.8032,110.7,25,96.5,94,65.6,263,+.138,33,.3788,266,98.5,227,103.4,282,.3788,266
2011-11-21,50,Stanford,P12,4-0,.8008,104.6,89,91.3,21,66.1,245,+.024,129,.2689,310,96.0,290,105.8,320,.2689,310
2011-11-21,51,Nebraska,B10,3-0,.7921,103.9,99,91.2,20,63.7,322,+.073,76,.3963,258,97.0,266,101.1,234,.3963,258
2011-11-21,52,Harvard,Ivy,3-0,.7894,111.4,21,97.9,121,64.8,296,+.000,186,.5999,126,102.8,106,98.8,152,.5999,126
2011-11-21,53,Missouri St.,MVC,3-0,.7881,109.6,35,96.4,91,63.9,318,+.000,167,.6749,78,100.8,155,93.9,32,.6749,78
2011-11-21,54,Kansas St.,B12,2-0,.7876,105.2,73,92.5,36,69.4,82,+.079,70,.2284,316,94.6,310,106.6,326,.2284,316
2011-11-21,55,Creighton,MVC,4-0,.7873,111.4,20,98.1,126,66.3,239,+.010,147,.2982,300,95.6,298,103.9,294,.2982,300
2011-11-21,56,Virginia,ACC,4-1,.7820,101.2,146,89.3,12,61.3,340,-.073,276,.3634,273,95.9,291,101.3,242,.3634,273
2011-11-21,57,North Carolina St.,ACC,4-1,.7635,109.1,40,97.3,110,68.5,128,+.096,55,.5986,127,103.0,99,99.0,159,.5986,127
2011-11-21,58,Kent St.,MAC,2-0,.7631,106.5,56,95.0,66,67.2,184,+.014,143,.4342,229,99.4,208,102.0,251,.4342,229
2011-11-21,59,Illinois,B10,3-0,.7590,102.6,119,91.8,27,67.2,188,+.000,169,.1427,340,91.2,335,108.7,336,.1427,340
2011-11-21,60,Long Beach St.,BW,2-1,.7577,107.5,48,96.2,86,70.9,35,-.089,283,.7740,35,108.6,20,96.3,72,.7740,35
2011-11-21,61,San Diego St.,MWC,5-1,.7549,102.5,123,91.9,29,67.1,190,+.089,59,.4024,256,98.9,218,102.8,272,.4024,256
2011-11-21,62,Oral Roberts,Sum,3-2,.7494,108.3,44,97.3,109,67.4,173,-.120,305,.4368,227,99.7,199,102.2,256,.4368,227
2011-11-21,63,George Mason,CAA,3-2,.7485,104.3,91,93.8,49,67.2,187,-.129,311,.3065,297,97.1,262,105.1,306,.3065,297
2011-11-21,64,Northern Iowa,MVC,2-1,.7436,104.2,92,93.9,53,62.3,334,+.093,57,.7123,51,104.6,64,95.7,58,.7123,51
2011-11-21,65,Dayton,A10,2-1,.7389,103.8,101,93.8,50,67.6,165,-.150,322,.2999,299,95.8,295,104.0,296,.2999,299
2011-11-21,66,Utah St.,WAC,2-1,.7281,106.3,58,96.5,93,63.7,324,+.159,24,.5474,156,102.9,103,101.0,229,.5474,156
2011-11-21,67,Seton Hall,BE,3-1,.7255,104.2,93,94.7,61,69.7,70,+.068,82,.5968,130,104.1,71,100.2,192,.5968,130
2011-11-21,68,Drexel,CAA,2-2,.7240,99.1,189,90.2,13,64.2,313,-.109,297,.5128,179,99.2,213,98.7,144,.5128,179
2011-11-21,69,Butler,Horz,2-2,.7200,101.5,141,92.6,38,64.6,302,-.063,268,.4840,197,97.7,247,98.4,133,.4840,197
2011-11-21,70,Oregon,P12,2-1,.7186,104.8,83,95.6,74,69.0,105,+.042,109,.5218,171,101.9,127,101.0,232,.5218,171
2011-11-21,71,Georgia,SEC,3-1,.7161,101.7,138,92.9,42,65.2,283,+.203,10,.5212,172,102.0,123,101.2,239,.5212,172
2011-11-21,72,Iowa,B10,3-1,.7160,105.3,69,96.2,87,69.1,92,+.043,106,.1588,336,92.7,328,109.1,337,.1588,336
2011-11-21,73,Tulsa,CUSA,3-2,.7159,102.8,118,93.9,54,67.6,163,-.166,328,.4246,238,99.3,209,102.3,261,.4246,238
2011-11-21,74,Davidson,SC,3-1,.7117,106.0,61,97.1,102,69.1,94,+.029,122,.6920,60,105.1,54,97.1,95,.6920,60
2011-11-21,75,Marshall,CUSA,3-0,.7115,104.6,87,95.8,77,68.2,139,+.000,186,.1297,341,88.9,343,107.0,329,.1297,341
2011-11-21,76,Richmond,A10,3-1,.7108,104.0,97,95.3,72,64.4,307,+.010,149,.4048,252,97.0,263,100.8,221,.4048,252
2011-11-21,77,UC Santa Barbara,BW,3-0,.7075,105.3,70,96.6,95,66.0,250,+.000,175,.3904,260,100.8,156,105.2,307,.3904,260
2011-11-21,78,Mississippi,SEC,4-1,.7074,101.6,139,93.2,44,70.1,56,+.153,27,.3291,288,95.3,301,102.2,254,.3291,288
2011-11-21,79,St. Bonaventure,A10,2-1,.7040,106.7,54,98.1,125,64.4,305,-.080,279,.6153,114,102.1,120,97.5,107,.6153,114
2011-11-21,80,Mississippi St.,SEC,5-1,.6971,105.3,68,97.1,103,68.9,108,+.021,135,.4126,248,98.8,221,102.3,260,.4126,248
2011-11-21,81,Washington St.,P12,2-1,.6929,104.8,82,96.8,96,70.3,47,+.010,146,.5879,133,103.9,79,100.3,201,.5879,133
2011-11-21,82,Cleveland St.,Horz,3-0,.6907,103.7,103,95.9,79,67.2,185,+.121,45,.7934,30,109.5,12,96.0,64,.7934,30
2011-11-21,83,Tennessee,SEC,2-1,.6896,105.3,67,97.4,112,67.6,161,-.085,280,.4178,243,99.3,212,102.5,266,.4178,243
2011-11-21,84,Murray St.,OVC,4-0,.6892,103.9,98,96.2,84,65.3,277,+.000,166,.6864,66,101.2,147,93.8,31,.6864,66
2011-11-21,85,Old Dominion,CAA,3-2,.6886,99.0,191,91.6,25,63.6,325,+.153,28,.6045,122,102.9,104,98.7,142,.6045,122
2011-11-21,86,Maryland,ACC,2-2,.6884,104.9,81,97.1,106,70.5,42,+.159,23,.6672,83,104.7,60,97.8,118,.6672,83
2011-11-21,87,Oklahoma,B12,2-0,.6859,106.1,59,98.4,132,67.0,196,+.173,15,.1645,333,94.2,316,110.4,343,.1645,333
2011-11-21,88,Arkansas,SEC,2-1,.6834,104.9,80,97.3,111,69.7,71,-.071,273,.3520,281,99.3,210,105.4,310,.3520,281
2011-11-21,89,New Mexico St.,WAC,3-0,.6820,104.6,86,97.1,107,69.8,61,+.000,162,.6362,101,102.9,105,97.4,104,.6362,101
2011-11-21,90,Detroit,Horz,2-2,.6768,104.3,90,97.1,105,71.3,27,-.019,225,.7822,31,107.7,28,95.0,49,.7822,31
2011-11-21,91,Georgia Tech,ACC,3-2,.6748,99.4,181,92.6,37,68.6,118,-.057,261,.3788,265,98.7,222,103.6,289,.3788,265
2011-11-21,92,Akron,MAC,2-2,.6740,102.1,130,95.2,68,67.5,166,-.206,342,.7263,47,106.4,43,96.7,87,.7263,47
2011-11-21,93,Oregon St.,P12,4-1,.6739,103.5,109,96.4,92,72.0,19,-.051,255,.5795,139,103.7,83,100.6,209,.5795,139
2011-11-21,94,Robert Morris,NEC,2-1,.6736,104.0,96,96.9,99,65.0,288,-.109,298,.4450,221,97.4,254,99.5,165,.4450,221
2011-11-21,95,Fairfield,MAAC,2-2,.6720,100.8,159,94.0,56,66.7,222,-.096,290,.5823,137,103.4,88,100.1,187,.5823,137
2011-11-21,96,Saint Joseph's,A10,3-1,.6681,107.8,47,100.7,184,64.8,298,+.036,114,.6331,104,99.9,193,94.7,43,.6331,104
2011-11-21,97,Nevada,WAC,2-2,.6675,102.0,133,95.3,71,69.3,83,-.038,244,.4310,231,98.0,238,100.7,219,.4310,231
2011-11-21,98,Duquesne,A10,3-2,.6663,105.5,64,98.6,139,72.0,20,+.027,125,.6861,68,103.9,78,96.2,71,.6861,68
2011-11-21,99,UCLA,P12,1-2,.6616,105.1,75,98.4,134,67.0,197,-.007,213,.4284,233,97.8,243,100.6,215,.4284,233
2011-11-21,100,Lehigh,Pat,4-2,.6577,105.0,76,98.5,137,72.3,16,-.072,275,.4883,194,100.2,185,100.6,214,.4883,194
2011-11-21,101,Iowa St.,B12,2-1,.6551,104.7,85,98.3,131,70.2,50,-.033,242,.4818,199,100.6,163,101.3,241,.4818,199
2011-11-21,102,UAB,CUSA,0-2,.6548,100.1,172,94.0,57,64.4,306,+.000,192,.6187,113,104.7,61,99.8,176,.6187,113
2011-11-21,103,Bucknell,Pat,1-2,.6542,102.5,124,96.3,90,66.4,233,-.202,341,.7199,49,106.8,40,97.4,103,.7199,49
2011-11-21,104,Indiana St.,MVC,4-0,.6499,101.7,137,95.7,76,67.0,200,+.071,80,.3287,289,95.6,297,102.5,264,.3287,289
2011-11-21,105,Massachusetts,A10,4-0,.6483,99.1,188,93.4,46,70.8,38,+.016,141,.2958,302,97.2,257,105.8,319,.2958,302
2011-11-21,106,Middle Tennessee,SB,4-1,.6475,101.7,136,95.9,80,67.4,176,-.062,267,.5624,147,102.3,116,99.8,175,.5624,147
2011-11-21,107,Montana,BSky,3-1,.6442,100.6,160,95.0,65,64.8,297,+.017,139,.5092,182,100.4,169,100.1,186,.5092,182
2011-11-21,108,Providence,BE,3-0,.6414,107.9,46,102.0,216,72.0,21,+.005,153,.2253,317,92.0,333,103.7,291,.2253,317
2011-11-21,109,Wisconsin Milwaukee,Horz,4-0,.6403,100.3,164,94.8,64,66.8,213,+.165,20,.1992,329,92.9,327,106.4,325,.1992,329
2011-11-21,110,South Florida,BE,3-2,.6401,103.7,102,98.0,124,63.3,327,-.121,306,.4439,222,98.1,237,100.3,195,.4439,222
2011-11-21,111,Southern Mississippi,CUSA,2-1,.6399,105.4,66,99.7,161,65.3,275,-.145,320,.6771,76,104.4,67,97.1,97,.6771,76
2011-11-21,112,St. John's,BE,3-2,.6374,102.5,127,97.0,101,67.9,152,-.091,286,.4136,247,99.5,206,102.9,277,.4136,247
2011-11-21,113,George Washington,A10,2-1,.6327,101.5,142,96.2,88,65.9,256,+.169,17,.5649,146,101.4,141,98.9,153,.5649,146
2011-11-21,114,South Carolina,SEC,1-2,.6311,100.3,165,95.2,69,67.4,178,-.316,344,.3484,282,97.8,245,103.9,295,.3484,282
2011-11-21,115,North Dakota St.,Sum,4-0,.6288,102.8,116,97.7,116,68.7,115,+.060,94,.4672,208,98.0,239,99.3,164,.4672,208
2011-11-21,116,College of Charleston,SC,3-0,.6279,106.4,57,101.1,195,68.2,140,+.086,63,.5230,169,100.8,153,99.9,181,.5230,169
2011-11-21,117,Arizona St.,P12,1-2,.6279,103.1,114,98.0,123,65.9,253,-.047,250,.3437,284,98.5,230,104.9,305,.3437,284
2011-11-21,118,Oakland,Sum,1-2,.6278,108.4,43,103.0,234,72.7,13,-.127,308,.6076,117,98.6,225,94.5,38,.6076,117
2011-11-21,119,Rutgers,BE,3-1,.6254,102.6,121,97.6,115,65.5,269,+.131,38,.4175,245,97.9,242,101.1,235,.4175,245
2011-11-21,120,Ohio,MAC,3-0,.6219,104.9,79,100.0,168,68.5,129,+.017,138,.2312,315,92.1,332,103.5,285,.2312,315
2011-11-21,121,Central Florida,CUSA,2-1,.6196,104.7,84,99.8,164,65.8,258,+.086,65,.6243,109,101.6,138,96.7,84,.6243,109
2011-11-21,122,Buffalo,MAC,2-1,.6176,101.9,135,97.2,108,67.5,167,+.049,103,.4384,225,96.5,279,98.9,154,.4384,225
2011-11-21,123,Western Michigan,MAC,0-4,.6148,103.3,110,98.7,141,70.5,43,-.046,248,.7645,39,109.7,11,97.8,119,.7645,39
2011-11-21,124,Louisiana St.,SEC,3-2,.6121,100.2,170,95.8,78,68.9,106,-.103,296,.4933,192,99.3,211,99.5,167,.4933,192
2011-11-21,125,Virginia Commonwealth,CAA,2-2,.6079,103.6,107,99.2,151,66.2,242,+.141,31,.4252,236,97.0,267,99.9,178,.4252,236
2011-11-21,126,Weber St.,BSky,3-0,.6060,103.8,100,99.6,158,66.7,215,+.000,165,.4902,193,99.6,203,99.9,183,.4902,193
2011-11-21,127,Princeton,Ivy,1-2,.6048,98.7,199,94.7,60,64.9,293,-.057,262,.5923,132,103.3,92,99.6,169,.5923,132
2011-11-21,128,Colorado,P12,2-2,.6027,107.0,52,102.7,229,67.5,169,+.021,136,.7124,50,105.1,53,96.2,70,.7124,50
2011-11-21,129,South Dakota St.,Sum,2-2,.5987,108.1,45,104.0,254,69.5,79,+.122,44,.6663,84,102.4,112,95.8,61,.6663,84
2011-11-21,130,Penn St.,B10,4-1,.5918,101.0,154,97.4,113,62.0,338,+.273,2,.4585,210,98.2,235,99.8,177,.4585,210
2011-11-21,131,Vermont,AE,2-2,.5876,102.5,125,99.0,144,65.4,272,-.157,323,.4725,204,100.4,168,101.5,246,.4725,204
2011-11-21,132,Boise St.,MWC,3-0,.5860,103.6,105,100.2,173,68.5,130,+.006,151,.2118,322,93.0,325,105.7,316,.2118,322
2011-11-21,133,Auburn,SEC,2-0,.5836,100.1,171,96.9,98,66.8,207,+.000,160,.1507,338,93.0,326,110.0,341,.1507,338
2011-11-21,134,Ball St.,MAC,0-2,.5826,101.2,148,98.0,122,64.7,300,+.000,190,.8329,15,108.7,17,92.9,23,.8329,15
2011-11-21,135,Miami OH,MAC,2-1,.5771,102.6,122,99.5,155,64.8,295,+.038,111,.8009,28,107.0,35,93.4,27,.8009,28
2011-11-21,136,Drake,MVC,3-2,.5769,101.3,145,98.2,128,66.7,218,-.004,210,.5795,138,100.1,189,97.0,93,.5795,138
2011-11-21,137,Long Island,NEC,2-3,.5768,106.1,60,102.9,232,75.1,3,-.058,263,.5948,131,100.2,184,96.5,78,.5948,131
2011-11-21,138,Rice,CUSA,3-0,.5731,104.0,95,101.1,194,65.3,276,+.033,120,.0544,345,84.7,345,111.9,345,.0544,345
2011-11-21,139,Tulane,CUSA,3-0,.5706,100.9,156,98.1,127,67.0,201,+.089,60,.0842,344,86.7,344,109.4,339,.0842,344
2011-11-21,140,Southern California,P12,1-3,.5694,94.5,275,92.0,31,63.4,326,-.150,321,.5022,188,97.4,251,97.4,100,.5022,188
2011-11-21,141,Northeastern,CAA,2-1,.5660,105.0,77,102.3,219,65.6,265,+.161,22,.5377,161,98.3,233,96.8,89,.5377,161
2011-11-21,142,Valparaiso,Horz,5-1,.5640,102.6,120,100.0,170,68.4,132,+.073,77,.6095,116,103.3,91,98.9,155,.6095,116
2011-11-21,143,Austin Peay,OVC,0-4,.5617,102.0,132,99.6,160,69.6,74,-.001,201,.8274,18,108.4,23,93.1,25,.8274,18
2011-11-21,144,San Francisco,WCC,4-1,.5552,100.4,163,98.3,129,69.0,102,+.134,36,.3101,293,95.2,302,102.9,275,.3101,293
2011-11-21,145,Jacksonville,ASun,2-2,.5504,100.2,168,98.3,130,68.6,121,-.089,282,.4529,214,97.0,268,98.8,148,.4529,214
2011-11-21,146,James Madison,CAA,1-1,.5488,104.6,88,102.6,226,69.1,95,+.009,150,.4251,237,99.9,194,102.9,274,.4251,237
2011-11-21,147,East Tennessee St.,ASun,2-1,.5471,98.8,195,97.0,100,67.4,174,+.064,88,.4656,209,100.8,154,102.2,255,.4656,209
2011-11-21,148,Florida Atlantic,SB,2-3,.5455,103.6,106,101.8,212,66.3,238,-.045,247,.6292,107,102.8,108,97.6,112,.6292,107
2011-11-21,149,Houston,CUSA,3-0,.5437,103.2,112,101.5,201,68.7,110,+.138,34,.2113,323,91.5,334,104.1,298,.2113,323
2011-11-21,150,Colorado St.,MWC,3-2,.5432,102.8,117,101.1,193,66.8,211,+.093,56,.5185,173,101.2,146,100.5,206,.5185,173
2011-11-21,151,Evansville,MVC,2-1,.5406,102.3,128,100.7,186,68.5,124,+.204,9,.6863,67,104.0,75,96.3,73,.6863,67
2011-11-21,152,NC Asheville,BSth,2-2,.5398,102.1,131,100.6,183,70.0,59,-.006,212,.8717,8,111.5,5,92.4,14,.8717,8
2011-11-21,153,Denver,SB,3-0,.5398,100.3,166,98.7,140,59.6,344,+.000,186,.2963,301,97.0,270,105.5,315,.2963,301
2011-11-21,154,Bowling Green,MAC,2-1,.5395,100.0,173,98.5,136,66.4,232,+.005,154,.4177,244,97.2,260,100.4,205,.4177,244
2011-11-21,155,Hofstra,CAA,2-1,.5381,102.3,129,100.8,187,66.8,208,+.057,97,.4819,198,100.2,182,100.9,227,.4819,198
2011-11-21,156,Cornell,Ivy,2-2,.5369,103.0,115,101.5,204,69.0,101,+.075,74,.4544,213,99.0,215,100.7,220,.4544,213
2011-11-21,157,Loyola MD,MAAC,3-1,.5341,101.2,150,99.8,166,67.4,171,+.099,52,.3610,275,97.2,258,102.8,271,.3610,275
2011-11-21,158,Portland,WCC,2-2,.5339,103.3,111,101.9,215,66.7,219,+.162,21,.6503,95,104.2,70,98.1,124,.6503,95
2011-11-21,159,Wake Forest,ACC,3-0,.5334,101.0,153,99.7,162,71.6,24,+.000,163,.2071,324,94.7,309,107.9,333,.2071,324
2011-11-21,160,Texas San Antonio,Slnd,2-2,.5321,105.2,72,103.9,252,68.2,141,+.052,100,.7733,36,106.5,42,94.5,37,.7733,36
2011-11-21,161,Santa Clara,WCC,2-1,.5321,103.7,104,102.4,221,68.6,120,+.026,126,.5083,183,100.9,151,100.6,213,.5083,183
2011-11-21,162,Coastal Carolina,BSth,4-0,.5301,100.2,169,99.0,145,67.4,175,+.000,175,.4705,206,97.4,253,98.5,135,.4705,206
2011-11-21,163,DePaul,BE,2-0,.5265,103.2,113,102.1,218,70.4,45,+.010,148,.1038,343,89.0,342,109.8,340,.1038,343
2011-11-21,164,IUPUI,Sum,1-3,.5226,105.2,71,104.3,261,63.9,321,-.132,314,.4278,234,95.5,299,98.2,127,.4278,234
2011-11-21,165,Wisconsin Green Bay,Horz,2-3,.5191,97.8,219,97.1,104,66.6,226,-.133,315,.6398,99,102.7,110,97.1,96,.6398,99
2011-11-21,166,Texas El Paso,CUSA,1-2,.5180,97.6,225,96.9,97,67.5,170,-.066,270,.4804,201,100.3,178,101.0,233,.4804,201
2011-11-21,167,Rhode Island,A10,0-3,.5171,102.5,126,101.8,213,69.7,66,-.142,318,.8721,7,109.4,13,90.8,6,.8721,7
2011-11-21,168,Charlotte,A10,2-1,.5137,99.1,190,98.5,138,66.7,216,+.173,16,.3729,268,96.7,275,101.7,249,.3729,268
2011-11-21,169,Cal Poly,BW,2-1,.5102,96.5,240,96.2,85,61.2,342,-.096,292,.3080,296,94.4,313,102.1,253,.3080,296
2011-11-21,170,Yale,Ivy,2-1,.5091,98.0,209,97.7,117,68.2,138,+.059,95,.5370,162,100.1,190,98.7,139,.5370,162
2011-11-21,171,Wright St.,Horz,2-2,.5068,95.0,265,94.7,62,64.4,310,-.035,243,.7996,29,108.6,19,94.8,47,.7996,29
2011-11-21,172,Idaho,WAC,1-2,.5043,101.2,149,101.0,190,64.9,290,-.001,203,.8095,23,107.0,36,92.9,22,.8095,23
2011-11-21,173,La Salle,A10,2-1,.5041,101.5,140,101.4,200,72.4,14,-.053,258,.5166,174,104.5,66,103.8,292,.5166,174
2011-11-21,174,Wagner,NEC,3-1,.5028,101.5,143,101.4,197,69.6,73,+.135,35,.5864,135,103.1,96,99.7,171,.5864,135
2011-11-21,175,Illinois St.,MVC,2-1,.5027,95.8,253,95.6,75,64.2,314,-.026,235,.2057,325,92.7,329,105.7,318,.2057,325
2011-11-21,176,Loyola Marymount,WCC,1-2,.4916,99.6,179,99.9,167,68.2,137,-.096,291,.6642,85,105.1,55,98.3,131,.6642,85
2011-11-21,177,Quinnipiac,NEC,2-1,.4897,99.4,182,99.8,165,69.2,88,+.043,107,.3849,263,95.5,300,99.9,180,.3849,263
2011-11-21,178,Tennessee Tech,OVC,1-2,.4885,101.2,147,101.7,207,70.3,48,-.025,233,.6770,77,107.6,30,100.1,188,.6770,77
2011-11-21,179,Hawaii,WAC,1-1,.4843,98.7,198,99.3,152,69.4,80,+.029,123,.4943,191,100.3,175,100.6,210,.4943,191
2011-11-21,180,Air Force,MWC,3-0,.4816,100.8,158,101.5,205,63.7,323,+.000,172,.2037,327,96.4,283,110.1,342,.2037,327
2011-11-21,181,Georgia St.,CAA,1-3,.4813,97.7,224,98.4,133,66.1,247,-.185,336,.5489,153,103.6,87,101.6,248,.5489,153
2011-11-21,182,Siena,MAAC,2-1,.4767,96.9,234,97.7,118,68.7,109,-.027,236,.3679,272,96.0,289,101.2,238,.3679,272
2011-11-21,183,Texas Tech,B12,3-0,.4711,100.2,167,101.4,198,71.1,30,+.061,89,.1917,330,94.1,317,108.3,335,.1917,330
2011-11-21,184,Stony Brook,AE,1-2,.4698,98.2,205,99.4,154,64.6,303,-.066,269,.7788,33,108.5,21,96.0,63,.7788,33
2011-11-21,185,Mercer,ASun,3-1,.4694,98.1,208,99.3,153,66.4,234,+.015,142,.5779,141,101.5,139,98.4,134,.5779,141
2011-11-21,186,Pennsylvania,Ivy,3-1,.4667,97.8,220,99.0,146,65.4,271,+.023,131,.5337,164,101.7,135,100.4,204,.5337,164
2011-11-21,187,Lamar,Slnd,2-2,.4602,97.5,227,99.1,147,73.9,5,+.037,112,.6606,88,102.2,118,95.7,60,.6606,88
2011-11-21,188,Bradley,MVC,3-0,.4594,98.7,200,100.2,175,67.6,164,+.097,53,.1605,335,93.1,323,109.4,338,.1605,335
2011-11-21,189,Texas Arlington,Slnd,2-0,.4587,98.1,207,99.7,163,69.8,63,+.000,175,.2042,326,89.1,341,101.7,250,.2042,326
2011-11-21,190,Boston University,AE,0-3,.4563,97.9,217,99.6,159,65.2,280,-.174,331,.7025,54,107.4,31,98.8,147,.7025,54
2011-11-21,191,Appalachian St.,SC,2-1,.4532,101.9,134,103.7,247,67.7,157,+.101,51,.6555,90,102.8,107,96.5,80,.6555,90
2011-11-21,192,Utah,P12,1-2,.4532,99.2,185,101.0,191,68.1,147,-.098,293,.4373,226,100.2,183,102.7,268,.4373,226
2011-11-21,193,Morgan St.,MEAC,0-3,.4457,96.8,235,98.9,142,69.1,93,-.087,281,.8427,13,109.0,15,92.5,16,.8427,13
2011-11-21,194,Central Connecticut,NEC,1-2,.4408,98.0,213,100.3,177,69.2,90,-.231,343,.3377,285,94.6,311,101.0,231,.3377,285
2011-11-21,195,Eastern Washington,BSky,1-2,.4382,97.9,216,100.3,179,66.9,206,-.092,287,.6853,69,105.4,49,97.7,115,.6853,69
2011-11-21,196,Texas Christian,MWC,3-2,.4376,97.7,221,100.2,172,68.6,119,+.244,3,.4976,189,97.3,255,97.3,99,.4976,189
2011-11-21,197,Fresno St.,WAC,2-2,.4352,98.0,215,100.5,181,67.8,153,+.069,81,.5221,170,98.9,216,98.1,125,.5221,170
2011-11-21,198,East Carolina,CUSA,2-1,.4286,101.0,155,103.8,250,67.1,193,+.000,175,.5501,152,100.7,157,98.8,150,.5501,152
2011-11-21,199,Holy Cross,Pat,1-3,.4250,100.5,161,103.5,239,67.2,186,-.174,332,.6054,120,104.5,65,100.3,199,.6054,120
2011-11-21,200,Hampton,MEAC,1-2,.4245,93.3,290,96.1,81,69.1,98,-.043,246,.6052,121,102.5,111,98.3,130,.6052,121
2011-11-21,201,Albany,AE,2-2,.4242,101.1,151,104.1,257,63.9,319,+.043,108,.6609,87,105.4,50,98.7,146,.6609,87
2011-11-21,202,Tennessee St.,OVC,2-2,.4238,97.7,223,100.7,185,66.1,244,+.066,84,.7254,48,101.0,150,91.8,9,.7254,48
2011-11-21,203,Rider,MAAC,1-4,.4233,101.3,144,104.4,268,71.0,31,+.046,104,.5770,142,101.6,137,98.6,137,.5770,142
2011-11-21,204,Delaware,CAA,0-2,.4179,98.0,214,101.2,196,65.5,268,-.058,264,.6437,98,101.8,131,96.1,67,.6437,98
2011-11-21,205,Morehead St.,OVC,1-2,.4129,99.1,187,102.6,227,64.3,311,-.014,219,.8055,27,110.8,8,96.4,76,.8055,27
2011-11-21,206,Campbell,BSth,4-0,.4078,98.0,212,101.6,206,67.3,179,+.146,29,.1173,342,90.9,337,110.6,344,.1173,342
2011-11-21,207,Arkansas St.,SB,1-3,.4016,94.1,282,97.8,120,66.1,246,-.113,302,.5247,167,101.1,149,100.2,190,.5247,167
2011-11-21,208,Sacred Heart,NEC,2-2,.4008,98.7,197,102.7,228,70.0,58,+.061,90,.4874,195,97.7,246,98.2,129,.4874,195
2011-11-21,209,IUPU Fort Wayne,Sum,2-1,.3994,99.6,178,103.7,245,68.1,144,+.104,49,.4029,255,98.7,223,102.5,265,.4029,255
2011-11-21,210,Elon,SC,2-1,.3980,99.9,174,104.0,255,68.7,111,+.125,41,.6387,100,99.7,198,94.3,35,.6387,100
2011-11-21,211,Youngstown St.,Horz,3-0,.3974,97.4,228,101.5,202,70.4,46,+.011,145,.2942,303,95.1,304,103.5,288,.2942,303
2011-11-21,212,Norfolk St.,MEAC,3-2,.3969,95.5,257,99.5,156,70.9,37,+.064,87,.8117,21,106.8,38,92.7,18,.8117,21
2011-11-21,213,Loyola Chicago,Horz,0-4,.3895,99.2,186,103.6,244,65.4,274,-.020,227,.6994,57,102.9,101,94.8,46,.6994,57
2011-11-21,214,Louisiana Lafayette,SB,3-3,.3874,95.9,252,100.2,174,70.5,44,-.093,288,.2718,308,95.8,296,105.4,313,.2718,308
2011-11-21,215,Virginia Military Inst,BSth,3-1,.3854,105.7,63,110.6,339,76.6,2,+.218,6,.2718,309,96.4,281,106.1,323,.2718,309
2011-11-21,216,North Florida,ASun,1-4,.3792,94.8,267,99.5,157,68.3,135,+.093,58,.8859,4,111.0,6,90.9,7,.8859,4
2011-11-21,217,Manhattan,MAAC,3-1,.3773,96.2,247,101.1,192,66.0,252,+.312,1,.5142,177,99.7,197,99.2,162,.5142,177
2011-11-21,218,Presbyterian,BSth,3-3,.3765,99.2,184,104.2,258,62.1,337,-.002,208,.7076,52,105.2,52,96.5,79,.7076,52
2011-11-21,219,Northern Colorado,BSky,0-3,.3758,99.3,183,104.3,264,69.0,103,-.012,216,.6360,103,102.1,122,96.7,83,.6360,103
2011-11-21,220,Eastern Kentucky,OVC,3-3,.3705,98.5,201,103.7,246,64.0,316,+.073,78,.5455,158,102.1,121,100.3,198,.5455,158
2011-11-21,221,Southern Methodist,CUSA,2-3,.3699,98.9,193,104.2,259,60.4,343,+.023,132,.4955,190,100.7,159,100.9,224,.4955,190
2011-11-21,222,Southern Illinois,MVC,0-3,.3666,94.9,266,100.1,171,64.9,292,-.059,265,.7266,46,104.3,68,94.8,45,.7266,46
2011-11-21,223,Seattle,ind,0-2,.3663,93.9,284,99.1,148,73.4,8,-.166,329,.4363,228,100.6,161,103.2,278,.4363,228
2011-11-21,224,Utah Valley,GWC,3-1,.3643,96.9,233,102.3,220,66.9,203,+.028,124,.1495,339,90.7,339,107.5,332,.1495,339
2011-11-21,225,Maine,AE,1-1,.3634,99.9,176,105.5,282,66.5,228,+.000,175,.9334,1,114.6,1,88.6,2,.9334,1
2011-11-21,226,Stephen F. Austin,Slnd,1-2,.3595,94.8,268,100.3,178,61.2,341,-.052,256,.5470,157,100.1,186,98.3,132,.5470,157
2011-11-21,227,Central Michigan,MAC,2-1,.3592,94.5,276,100.0,169,65.2,282,-.202,340,.4035,254,98.9,219,102.7,270,.4035,254
2011-11-21,228,UC Riverside,BW,1-2,.3575,93.7,286,99.2,150,64.9,294,-.100,294,.5985,128,100.2,180,96.4,75,.5985,128
2011-11-21,229,Western Carolina,SC,2-2,.3560,98.4,203,104.3,260,69.3,84,+.124,42,.6888,64,104.2,69,96.5,77,.6888,64
2011-11-21,230,Wofford,SC,1-2,.3536,96.6,238,102.4,223,65.1,286,-.095,289,.9262,2,112.6,3,88.0,1,.9262,2
2011-11-21,231,Columbia,Ivy,0-3,.3496,96.4,244,102.4,222,68.6,123,-.030,238,.5136,178,100.2,181,99.7,173,.5136,178
2011-11-21,232,Eastern Illinois,OVC,2-1,.3496,96.6,239,102.6,225,65.1,284,+.025,128,.3922,259,97.0,264,101.3,240,.3922,259
2011-11-21,233,Canisius,MAAC,1-2,.3493,98.2,206,104.3,263,68.3,136,+.084,68,.6914,61,107.7,27,99.5,168,.6914,61
2011-11-21,234,Liberty,BSth,2-4,.3464,98.0,210,104.3,262,67.7,158,-.019,226,.4803,202,100.6,162,101.4,244,.4803,202
2011-11-21,235,American,Pat,2-2,.3415,95.2,262,101.5,203,62.5,333,-.016,224,.4676,207,99.1,214,100.4,202,.4676,207
2011-11-21,236,Cal St. Fullerton,BW,3-1,.3412,100.5,162,107.1,303,70.0,57,-.014,220,.2191,318,93.1,324,105.3,308,.2191,318
2011-11-21,237,San Diego,WCC,2-1,.3398,94.6,273,100.9,189,66.5,229,+.116,47,.3623,274,95.0,305,100.4,203,.3623,274
2011-11-21,238,Coppin St.,MEAC,1-3,.3372,99.5,180,106.3,293,70.1,54,-.013,217,.8276,16,109.2,14,93.7,30,.8276,16
2011-11-21,239,William & Mary,CAA,1-5,.3361,97.7,222,104.4,269,65.5,270,+.072,79,.5098,181,100.1,187,99.8,174,.5098,181
2011-11-21,240,NC Wilmington,CAA,0-2,.3328,96.6,237,103.3,237,63.9,320,-.072,274,.8160,20,107.3,33,92.8,20,.8160,20
2011-11-21,241,St. Francis NY,NEC,0-3,.3304,93.7,287,100.3,180,68.5,127,-.001,204,.6583,89,105.3,51,98.8,151,.6583,89
2011-11-21,242,Lipscomb,ASun,1-3,.3271,98.8,194,106.0,290,72.3,15,-.070,271,.5280,166,97.2,259,96.2,69,.5280,166
2011-11-21,243,Furman,SC,3-1,.3267,96.2,248,103.3,235,63.1,328,+.174,14,.3562,279,97.0,269,102.7,269,.3562,279
2011-11-21,244,Wyoming,MWC,2-1,.3259,94.7,270,101.7,210,67.3,182,-.112,300,.4417,223,98.5,228,100.8,222,.4417,223
2011-11-21,245,Fordham,A10,1-1,.3243,94.7,272,101.7,208,69.1,96,+.068,83,.6068,118,102.3,114,98.1,126,.6068,118
2011-11-21,246,Portland St.,BSky,2-1,.3232,100.8,157,108.4,325,69.0,100,+.215,7,.4551,211,97.2,261,98.9,156,.4551,211
2011-11-21,247,High Point,BSth,1-2,.3227,99.0,192,106.4,294,67.3,180,-.158,324,.8546,12,109.9,10,92.5,15,.8546,12
2011-11-21,248,St. Peter's,MAAC,1-3,.3182,90.5,315,97.5,114,65.9,257,-.194,339,.3370,286,95.8,294,102.3,259,.3370,286
2011-11-21,249,Southeast Missouri St.,OVC,1-3,.3137,98.0,211,105.8,287,67.4,177,-.127,309,.8275,17,108.6,18,93.2,26,.8275,17
2011-11-21,250,Louisiana Tech,WAC,1-1,.3130,91.6,304,99.0,143,68.6,122,+.000,175,.6007,125,100.9,152,96.9,91,.6007,125
2011-11-21,251,Boston College,ACC,1-2,.3103,99.7,177,107.8,316,65.1,287,+.165,19,.3886,262,95.9,292,100.3,197,.3886,262
2011-11-21,252,Chattanooga,SC,1-3,.3084,94.3,279,102.0,217,70.2,49,-.051,254,.6631,86,104.0,72,97.4,102,.6631,86
2011-11-21,253,San Jose St.,WAC,1-3,.3049,96.4,245,104.4,267,68.1,142,+.064,85,.5303,165,99.9,195,98.7,145,.5303,165
2011-11-21,254,Lafayette,Pat,2-2,.3040,101.0,152,109.5,333,65.9,255,+.155,26,.3845,264,98.2,234,102.8,273,.3845,264
2011-11-21,255,Charleston Southern,BSth,2-2,.3013,95.6,256,103.7,248,69.5,75,-.007,215,.6680,82,102.4,113,95.7,57,.6680,82
2011-11-21,256,Pepperdine,WCC,2-2,.3012,98.7,196,107.2,306,66.8,209,+.020,137,.4468,219,98.5,229,100.6,211,.4468,219
2011-11-21,257,Southeastern Louisiana,Slnd,3-1,.2977,96.7,236,105.1,278,65.2,278,+.182,12,.4267,235,97.8,244,100.7,218,.4267,235
2011-11-21,258,Montana St.,BSky,2-1,.2960,96.5,241,105.0,277,67.0,199,-.022,229,.6775,75,104.0,74,96.7,85,.6775,75
2011-11-21,259,Southern Utah,Sum,3-2,.2953,97.9,218,106.6,297,67.8,156,+.087,62,.5483,154,102.1,119,100.2,194,.5483,154
2011-11-21,260,Winthrop,BSth,0-5,.2940,96.0,251,104.5,271,65.4,273,-.027,237,.6988,58,102.8,109,94.7,42,.6988,58
2011-11-21,261,Niagara,MAAC,1-2,.2868,93.2,292,101.9,214,69.6,72,+.044,105,.6879,65,106.7,41,98.8,149,.6879,65
2011-11-21,262,South Dakota,Sum,1-2,.2823,96.9,232,106.2,292,72.2,17,+.138,32,.4221,240,97.2,256,100.3,196,.4221,240
2011-11-21,263,Brown,Ivy,2-3,.2812,95.4,258,104.5,272,69.7,69,-.050,253,.3901,261,96.3,284,100.6,216,.3901,261
2011-11-21,264,North Texas,SB,1-1,.2803,98.3,204,107.8,318,68.1,146,+.000,175,.6127,115,103.0,97,98.5,136,.6127,115
2011-11-21,265,Mount St. Mary's,NEC,1-3,.2801,91.4,308,100.3,176,66.3,237,+.022,133,.6804,73,102.0,124,94.8,44,.6804,73
2011-11-21,266,North Dakota,GWC,2-1,.2793,94.6,274,103.7,249,68.7,117,-.112,301,.3084,295,96.6,276,104.5,302,.3084,295
2011-11-21,267,Northern Arizona,BSky,1-3,.2790,95.3,260,104.5,270,66.8,210,-.000,194,.5246,168,99.7,201,98.7,143,.5246,168
2011-11-21,268,Arkansas Little Rock,SB,2-3,.2775,92.7,296,101.7,211,66.9,202,+.128,40,.5524,151,99.7,200,97.7,114,.5524,151
2011-11-21,269,UC Davis,BW,1-4,.2739,97.5,226,107.3,309,69.2,91,-.116,303,.5069,185,100.3,177,100.1,185,.5069,185
2011-11-21,270,NC Greensboro,SC,2-3,.2691,96.1,250,105.9,289,70.7,40,+.064,86,.6726,79,104.6,62,97.5,105,.6726,79
2011-11-21,271,Navy,Pat,2-2,.2672,92.9,295,102.5,224,70.2,51,+.035,117,.5158,176,101.5,140,100.9,225,.5158,176
2011-11-21,272,Savannah St.,MEAC,1-4,.2662,89.8,320,99.2,149,65.2,279,+.058,96,.7650,38,105.5,48,94.0,33,.7650,38
2011-11-21,273,Florida International,SB,1-2,.2650,97.4,229,107.5,312,69.3,85,+.035,116,.5878,134,99.5,205,96.1,68,.5878,134
2011-11-21,274,Western Kentucky,SB,1-4,.2599,90.8,312,100.5,182,69.5,78,+.061,92,.5525,150,101.2,145,99.2,161,.5525,150
2011-11-21,275,Troy,SB,1-2,.2573,97.2,230,107.8,319,71.8,22,-.026,234,.6476,97,102.3,115,96.4,74,.6476,97
2011-11-21,276,McNeese St.,Slnd,1-2,.2549,96.5,242,107.1,305,68.0,150,+.000,173,.6695,81,101.7,136,94.9,48,.6695,81
2011-11-21,277,UC Irvine,BW,0-3,.2540,93.2,293,103.5,243,71.5,26,-.174,333,.6807,72,105.0,57,97.5,109,.6807,72
2011-11-21,278,Delaware St.,MEAC,1-2,.2512,98.5,202,109.5,334,61.8,339,+.000,189,.8396,14,108.0,25,91.9,10,.8396,14
2011-11-21,279,Georgia Southern,SC,1-2,.2509,95.7,254,106.5,295,68.7,112,+.000,173,.5482,155,101.8,133,99.9,179,.5482,155
2011-11-21,280,Eastern Michigan,MAC,3-1,.2505,90.5,314,100.8,188,67.1,194,+.244,4,.2664,311,94.3,315,104.1,299,.2664,311
2011-11-21,281,New Hampshire,AE,1-2,.2419,90.7,313,101.4,199,64.1,315,-.032,239,.4184,242,100.4,171,103.7,290,.4184,242
2011-11-21,282,Army,Pat,1-3,.2414,92.5,297,103.5,240,70.8,39,-.000,195,.4722,205,100.0,191,101.1,236,.4722,205
2011-11-21,283,South Carolina Upstate,ASun,3-2,.2403,93.3,289,104.4,266,66.6,223,+.097,54,.3102,292,96.9,271,104.8,304,.3102,292
2011-11-21,284,Florida Gulf Coast,ASun,2-2,.2402,93.3,291,104.4,265,69.1,97,-.322,345,.3152,290,94.7,308,102.1,252,.3152,290
2011-11-21,285,Mississippi Valley St.,SWAC,0-3,.2389,94.2,281,105.4,281,73.5,6,-.007,214,.8761,5,112.4,4,92.8,21,.8761,5
2011-11-21,286,The Citadel,SC,2-2,.2387,95.7,255,107.1,304,66.2,241,-.056,259,.4471,217,100.3,179,102.4,262,.4471,217
2011-11-21,287,Colgate,Pat,1-2,.2374,94.5,277,105.8,288,68.9,107,+.167,18,.8640,11,110.1,9,91.9,11,.8640,11
2011-11-21,288,Pacific,BW,2-1,.2368,93.5,288,104.8,276,62.2,335,+.000,175,.7809,32,104.8,58,92.6,17,.7809,32
2011-11-21,289,Samford,SC,0-2,.2352,96.3,246,108.1,322,62.2,336,-.013,218,.4730,203,98.9,220,99.9,182,.4730,203
2011-11-21,290,Cal St. Bakersfield,ind,2-1,.2333,95.0,264,106.7,299,69.8,65,+.243,5,.5362,163,100.5,164,99.1,160,.5362,163
2011-11-21,291,Jacksonville St.,OVC,2-2,.2321,94.0,283,105.7,286,64.3,312,-.032,240,.6213,111,100.5,166,95.7,59,.6213,111
2011-11-21,292,Marist,MAAC,1-3,.2314,95.4,259,107.2,307,67.3,183,-.047,251,.7376,45,104.6,63,94.6,40,.7376,45
2011-11-21,293,Sam Houston St.,Slnd,1-2,.2308,91.4,309,102.8,230,66.0,248,-.000,197,.7745,34,107.4,32,95.2,52,.7745,34
2011-11-21,294,Northwestern St.,Slnd,2-3,.2265,92.1,303,103.8,251,73.2,9,+.030,121,.6361,102,100.4,173,95.1,50,.6361,102
2011-11-21,295,Kennesaw St.,ASun,1-2,.2248,94.8,269,107.0,301,65.7,262,+.079,69,.8058,26,106.8,39,93.0,24,.8058,26
2011-11-21,296,St. Francis PA,NEC,0-3,.2248,96.2,249,108.5,328,66.7,221,-.189,337,.5613,148,103.3,89,100.9,226,.5613,148
2011-11-21,297,Stetson,ASun,3-2,.2156,91.6,305,103.9,253,69.7,68,+.016,140,.4236,239,96.5,277,99.5,166,.4236,239
2011-11-21,298,Cal St. Northridge,BW,0-3,.2137,92.1,302,104.6,273,71.2,28,-.109,299,.6818,71,101.7,134,94.4,36,.6818,71
2011-11-21,299,Dartmouth,Ivy,1-2,.2127,91.1,310,103.5,241,66.4,236,+.050,102,.4045,253,99.6,202,103.4,283,.4045,253
2011-11-21,300,Texas St.,Slnd,3-2,.2127,97.0,231,110.2,337,74.3,4,+.006,152,.1871,331,92.1,331,106.3,324,.1871,331
2011-11-21,301,Tennessee Martin,OVC,1-3,.2115,92.5,299,105.2,279,69.5,76,-.046,249,.8074,25,105.9,45,92.1,12,.8074,25
2011-11-21,302,Longwood,ind,1-3,.2091,99.9,175,113.7,345,70.2,52,-.178,334,.4545,212,99.5,204,101.3,243,.4545,212
2011-11-21,303,North Carolina A&T,MEAC,1-3,.2083,95.2,263,108.4,326,71.6,23,+.011,144,.5063,186,101.3,144,101.0,230,.5063,186
2011-11-21,304,North Carolina Central,MEAC,1-3,.2074,95.3,261,108.6,329,68.1,145,-.039,245,.6549,92,103.3,90,97.1,94,.6549,92
2011-11-21,305,Gardner Webb,BSth,2-3,.1984,90.2,319,103.4,238,66.4,235,+.074,75,.6890,63,104.7,59,96.9,90,.6890,63
2011-11-21,306,Bryant,NEC,1-3,.1974,96.4,243,110.5,338,66.9,204,-.014,221,.4408,224,98.6,224,100.9,228,.4408,224
2011-11-21,307,South Alabama,SB,1-2,.1950,94.2,280,108.1,323,68.3,134,-.061,266,.8729,6,107.6,29,89.2,3,.8729,6
2011-11-21,308,Idaho St.,BSky,1-2,.1928,94.3,278,108.5,327,65.9,254,-.143,319,.6234,110,103.2,94,98.2,128,.6234,110
2011-11-21,309,Sacramento St.,BSky,2-1,.1918,93.7,285,107.9,320,64.5,304,-.101,295,.3136,291,96.7,274,104.4,300,.3136,291
2011-11-21,310,NJ Inst of Technology,GWC,2-2,.1889,89.8,321,103.5,242,67.1,191,-.000,196,.6508,94,100.4,170,94.5,39,.6508,94
2011-11-21,311,Bethune Cookman,MEAC,1-3,.1865,92.2,301,106.5,296,62.8,331,-.119,304,.2828,305,94.4,314,103.3,279,.2828,305
2011-11-21,312,Louisiana Monroe,SB,0-5,.1835,92.5,298,107.0,302,64.4,309,-.024,232,.6898,62,103.8,81,96.0,65,.6898,62
2011-11-21,313,Missouri Kansas City,Sum,1-3,.1815,94.7,271,109.6,335,65.5,266,+.061,91,.2887,304,95.1,303,103.9,293,.2887,304
2011-11-21,314,Radford,BSth,3-3,.1776,87.6,337,101.7,209,67.4,172,+.119,46,.4474,216,100.1,188,102.2,257,.4474,216
2011-11-21,315,Alabama St.,SWAC,0-4,.1718,88.2,332,102.9,231,67.1,192,-.023,230,.5702,144,100.4,167,97.7,116,.5702,144
2011-11-21,316,Arkansas Pine Bluff,SWAC,1-2,.1706,88.3,331,103.0,233,66.5,231,+.176,13,.6936,59,105.8,47,97.7,113,.6936,59
2011-11-21,317,Howard,MEAC,1-3,.1700,90.4,317,105.6,284,65.8,259,-.090,284,.6844,70,102.9,102,95.4,55,.6844,70
2011-11-21,318,Illinois Chicago,Horz,1-2,.1672,90.3,318,105.6,285,66.5,230,+.000,175,.3724,269,93.1,322,97.9,123,.3724,269
2011-11-21,319,Western Illinois,Sum,0-2,.1638,90.5,316,106.1,291,62.7,332,-.163,327,.8667,10,108.5,22,90.4,5,.8667,10
2011-11-21,320,Nicholls St.,Slnd,1-4,.1628,91.6,306,107.5,311,65.1,285,+.021,134,.4516,215,98.9,217,100.8,223,.4516,215
2011-11-21,321,Alabama A&M,SWAC,2-1,.1618,88.6,329,104.0,256,70.6,41,+.000,175,.7023,55,103.7,85,95.4,53,.7023,55
2011-11-21,322,Texas Southern,SWAC,1-3,.1535,88.7,328,104.8,275,65.8,260,-.021,228,.7486,42,103.1,95,92.7,19,.7486,42
2011-11-21,323,MD Baltimore County,AE,0-4,.1505,92.5,300,109.5,332,69.3,86,-.033,241,.5071,184,101.9,129,101.6,247,.5071,184
2011-11-21,324,South Carolina St.,MEAC,3-1,.1503,90.8,311,107.6,314,69.1,99,+.208,8,.4814,200,95.9,293,96.6,82,.4814,200
2011-11-21,325,Toledo,MAC,3-1,.1400,91.4,307,109.2,330,65.7,261,-.077,278,.2144,321,93.9,318,106.6,327,.2144,321
2011-11-21,326,Jackson St.,SWAC,1-4,.1386,88.1,334,105.2,280,66.6,224,-.002,206,.9195,3,113.2,2,89.3,4,.9195,3
2011-11-21,327,Monmouth,NEC,0-4,.1335,89.1,322,106.9,300,67.0,198,+.000,191,.7700,37,107.0,34,95.1,51,.7700,37
2011-11-21,328,Texas A&M Corpus Chris,Slnd,0-2,.1330,87.9,335,105.5,283,66.7,217,-.126,307,.7016,56,103.8,82,95.5,56,.7016,56
2011-11-21,329,Florida A&M,MEAC,0-3,.1327,88.8,327,106.6,298,70.1,53,-.005,211,.5534,149,100.7,158,98.7,138,.5534,149
2011-11-21,330,Towson,CAA,0-4,.1294,93.0,294,112.1,343,66.7,220,-.047,252,.8225,19,108.9,16,93.7,29,.8225,19
2011-11-21,331,Fairleigh Dickinson,NEC,1-2,.1218,88.5,330,107.3,308,68.0,149,-.053,257,.5031,187,100.3,176,100.2,193,.5031,187
2011-11-21,332,Binghamton,AE,0-4,.1205,88.8,326,107.8,317,65.2,281,-.057,260,.4161,246,97.0,265,100.3,200,.4161,246
2011-11-21,333,Texas Pan American,GWC,1-4,.1181,89.0,324,108.2,324,67.6,160,+.037,113,.3546,280,99.5,207,105.4,314,.3546,280
2011-11-21,334,Northern Illinois,MAC,0-4,.1130,87.8,336,107.3,310,69.2,89,-.139,317,.6697,80,103.0,100,96.1,66,.6697,80
2011-11-21,335,Alcorn St.,SWAC,0-2,.1082,88.9,325,109.2,331,77.1,1,-.001,200,.8714,9,111.0,7,92.1,13,.8714,9
2011-11-21,336,Maryland Eastern Shore,MEAC,1-3,.1036,87.3,338,107.7,315,70.9,33,+.123,43,.6012,124,101.9,128,97.9,120,.6012,124
2011-11-21,337,Hartford,AE,0-4,.0976,83.1,344,103.3,236,67.2,189,-.001,202,.4195,241,97.4,252,100.5,207,.4195,241
2011-11-21,338,Prairie View A&M,SWAC,2-2,.0961,84.1,341,104.7,274,67.8,154,-.000,198,.5857,136,100.4,174,97.0,92,.5857,136
2011-11-21,339,Houston Baptist,GWC,2-3,.0935,89.0,323,111.1,340,72.9,11,+.134,37,.3090,294,96.2,287,104.1,297,.3090,294
2011-11-21,340,Southern,SWAC,1-2,.0828,87.0,339,110.0,336,67.3,181,-.003,209,.8078,24,108.4,24,94.2,34,.8078,24
2011-11-21,341,Central Arkansas,Slnd,0-3,.0819,88.1,333,111.5,341,71.0,32,-.001,205,.6296,106,101.9,126,96.8,88,.6296,106
2011-11-21,342,SIU Edwardsville,OVC,0-2,.0706,83.6,343,107.6,313,71.1,29,-.000,199,.7608,40,102.0,125,91.1,8,.7608,40
2011-11-21,343,Nebraska Omaha,ind,0-3,.0702,86.7,340,111.5,342,70.1,55,-.134,316,.4072,250,99.8,196,103.5,286,.4072,250
2011-11-21,344,Chicago St.,GWC,0-4,.0441,83.9,342,113.3,344,73.4,7,-.070,272,.6065,119,104.0,76,99.7,172,.6065,119
2011-11-21,345,Grambling,SWAC,0-4,.0269,76.2,345,108.1,321,67.5,168,+.000,193,.6296,105,103.9,77,98.7,140,.6296,105
