game_id,season,week,home_team,away_team,neutral_site,conference_game,completed,home_points,away_points,actual_spread,pred_spread,win_prob_home,pp_scale,pred_winner,pred_win_prob,model_n_obs,predicted_at_state
401866408,2026,1,Eastern Michigan,Sacramento State,False,True,True,28.0,17.0,11.0,-3.11,0.4018,12.52,Sacramento State,0.5982,11395,model_current.json
401864495,2026,1,Eastern Michigan,San José State,False,False,False,,,,0.83,0.5264,12.52,Eastern Michigan,0.5264,11395,model_current.json
401864570,2026,1,Florida State,New Mexico State,False,False,True,34.0,17.0,17.0,20.1,0.9456,12.53,Florida State,0.9456,11395,model_current.json
401864497,2026,1,Hawai'i,UNLV,False,True,False,,,,-4.33,0.3647,12.52,UNLV,0.6353,11395,model_current.json
401864577,2026,1,North Dakota State,Jacksonville State,False,False,True,33.0,7.0,26.0,7.98,0.738,12.53,North Dakota State,0.738,11395,model_current.json
401858201,2026,1,Stanford,Hawai'i,False,False,True,37.0,27.0,10.0,1.38,0.544,12.52,Stanford,0.544,11395,model_current.json
401856766,2026,1,TCU,North Carolina,True,False,True,10.0,15.0,-5.0,12.81,0.8456,12.59,TCU,0.8456,11395,model_current.json
401862693,2026,1,UNLV,Memphis,False,False,True,21.0,27.0,-6.0,4.88,0.6516,12.52,UNLV,0.6516,11395,model_current.json
401864494,2026,1,USC,San José State,False,False,True,42.0,26.0,16.0,22.57,0.9641,12.53,USC,0.9641,11395,model_current.json
401858202,2026,1,Virginia,NC State,False,True,True,34.0,8.0,26.0,9.21,0.7691,12.52,Virginia,0.7691,11395,model_current.json
401864502,2026,2,Air Force,North Dakota State,False,True,True,32.0,38.0,-6.0,-5.78,0.3221,12.51,North Dakota State,0.6779,11552,model_current.json
401862702,2026,2,Army,South Florida,False,True,True,24.0,28.0,-4.0,-9.74,0.2192,12.57,South Florida,0.7808,11552,model_current.json
401856671,2026,2,Auburn,Southern Miss,False,False,True,43.0,8.0,35.0,30.15,0.9918,12.55,Auburn,0.9918,11552,model_current.json
401856810,2026,2,BYU,Arizona,False,True,True,28.0,17.0,11.0,1.82,0.5578,12.54,BYU,0.5578,11552,model_current.json
401860881,2026,2,Boise State,Memphis,False,False,True,38.0,20.0,18.0,10.68,0.8032,12.51,Boise State,0.8032,11552,model_current.json
401858214,2026,2,Boston College,Rutgers,False,False,True,28.0,21.0,7.0,3.93,0.6234,12.51,Boston College,0.6234,11552,model_current.json
401858219,2026,2,Clemson,Georgia Southern,False,False,True,22.0,7.0,15.0,22.92,0.9656,12.59,Clemson,0.9656,11552,model_current.json
401864571,2026,2,East Carolina,App State,False,False,True,24.0,27.0,-3.0,18.91,0.933,12.61,East Carolina,0.933,11552,model_current.json
401862703,2026,2,Florida Atlantic,Navy,False,True,True,38.0,30.0,8.0,-7.31,0.2801,12.54,Navy,0.7199,11552,model_current.json
401866414,2026,2,Florida International,Buffalo,False,False,True,33.0,20.0,13.0,7.83,0.7341,12.52,Florida International,0.7341,11552,model_current.json
401860883,2026,2,Fresno State,Sacramento State,False,False,True,49.0,3.0,46.0,22.82,0.9654,12.55,Fresno State,0.9654,11552,model_current.json
401856673,2026,2,Georgia,Western Kentucky,False,False,True,70.0,20.0,50.0,28.47,0.9882,12.57,Georgia,0.9882,11552,model_current.json
401856681,2026,2,Georgia Tech,Tennessee,False,False,True,24.0,45.0,-21.0,-2.86,0.4096,12.52,Tennessee,0.5904,11552,model_current.json
401864578,2026,2,Hawai'i,New Mexico State,False,False,True,29.0,19.0,10.0,16.17,0.9018,12.51,Hawai'i,0.9018,11552,model_current.json
401858217,2026,2,Illinois,Duke,False,False,True,27.0,31.0,-4.0,1.87,0.5593,12.54,Illinois,0.5593,11552,model_current.json
401856788,2026,2,Iowa,Iowa State,False,False,True,16.0,13.0,3.0,17.21,0.9152,12.53,Iowa,0.9152,11552,model_current.json
401856678,2026,2,Kansas,Missouri,False,False,True,21.0,38.0,-17.0,-11.02,0.1895,12.52,Missouri,0.8105,11552,model_current.json
401856781,2026,2,Kansas State,Washington State,False,False,True,34.0,7.0,27.0,6.96,0.7101,12.57,Kansas State,0.7101,11552,model_current.json
401869955,2026,2,Kennesaw State,Georgia State,False,False,True,17.0,31.0,-14.0,5.07,0.6571,12.53,Kennesaw State,0.6571,11552,model_current.json
401856674,2026,2,Kentucky,Alabama,False,True,True,17.0,45.0,-28.0,-19.59,0.0591,12.54,Alabama,0.9409,11552,model_current.json
401867796,2026,2,LSU,Louisiana Tech,False,False,True,45.0,14.0,31.0,22.58,0.9641,12.54,LSU,0.9641,11552,model_current.json
401871045,2026,2,Marshall,Middle Tennessee,False,False,True,28.0,26.0,2.0,17.11,0.9132,12.57,Marshall,0.9132,11552,model_current.json
401856679,2026,2,Michigan,Oklahoma,False,False,True,17.0,10.0,7.0,6.97,0.7105,12.55,Michigan,0.7105,11552,model_current.json
401858440,2026,2,Michigan State,Eastern Michigan,False,False,True,35.0,7.0,28.0,18.69,0.9323,12.51,Michigan State,0.9323,11552,model_current.json
401856677,2026,2,Minnesota,Mississippi State,False,False,True,13.0,38.0,-25.0,-8.22,0.256,12.54,Mississippi State,0.744,11552,model_current.json
401858441,2026,2,Nebraska,Bowling Green,False,False,True,56.0,7.0,49.0,29.45,0.9905,12.54,Nebraska,0.9905,11552,model_current.json
401862705,2026,2,North Texas,UNLV,False,False,True,44.0,6.0,38.0,23.15,0.9673,12.56,North Texas,0.9673,11552,model_current.json
401859184,2026,2,Notre Dame,Rice,False,False,True,52.0,0.0,52.0,53.15,1.0,12.56,Notre Dame,1.0,11552,model_current.json
401866418,2026,2,Ohio,Jacksonville State,False,False,True,29.0,27.0,2.0,2.44,0.5772,12.53,Ohio,0.5772,11552,model_current.json
401856782,2026,2,Oklahoma State,Oregon,False,False,True,39.0,31.0,8.0,-20.07,0.0547,12.53,Oregon,0.9453,11552,model_current.json
401856676,2026,2,Ole Miss,Charlotte,False,False,True,41.0,9.0,32.0,37.96,0.9988,12.51,Ole Miss,0.9988,11552,model_current.json
401856783,2026,2,Oregon State,Texas Tech,False,False,True,24.0,35.0,-11.0,-20.2,0.0535,12.53,Texas Tech,0.9465,11552,model_current.json
401856790,2026,2,Pittsburgh,UCF,False,False,True,12.0,7.0,5.0,18.19,0.9269,12.51,Pittsburgh,0.9269,11552,model_current.json
401858224,2026,2,Purdue,Wake Forest,False,False,True,36.0,38.0,-2.0,-3.6,0.3874,12.58,Wake Forest,0.6126,11552,model_current.json
401862707,2026,2,Sam Houston,Tulsa,False,False,True,17.0,23.0,-6.0,3.33,0.6043,12.57,Sam Houston,0.6043,11552,model_current.json
401858216,2026,2,Syracuse,California,False,True,True,18.0,21.0,-3.0,-11.77,0.1749,12.59,California,0.8251,11552,model_current.json
401858442,2026,2,Temple,Penn State,False,False,True,9.0,27.0,-18.0,-21.68,0.0417,12.52,Penn State,0.9583,11552,model_current.json
401856682,2026,2,Texas,Ohio State,False,False,True,24.0,23.0,1.0,3.7,0.6162,12.51,Texas,0.6162,11552,model_current.json
401856683,2026,2,Texas A&M,Arizona State,False,False,True,48.0,20.0,28.0,19.28,0.9379,12.54,Texas A&M,0.9379,11552,model_current.json
401860884,2026,2,Texas State,UTSA,False,False,True,26.0,31.0,-5.0,7.91,0.7353,12.58,Texas State,0.7353,11552,model_current.json
401864575,2026,2,Tulane,South Alabama,False,False,True,28.0,24.0,4.0,12.97,0.8501,12.51,Tulane,0.8501,11552,model_current.json
401862708,2026,2,UAB,UL Monroe,False,False,True,26.0,20.0,6.0,19.46,0.9401,12.51,UAB,0.9401,11552,model_current.json
401858443,2026,2,UCLA,San Diego State,False,False,True,28.0,10.0,18.0,4.11,0.6288,12.52,UCLA,0.6288,11552,model_current.json
401858444,2026,2,UConn,Maryland,False,False,True,14.0,38.0,-24.0,1.17,0.5371,12.52,UConn,0.5371,11552,model_current.json
401858445,2026,2,USC,Louisiana,False,False,True,49.0,30.0,19.0,31.61,0.9941,12.56,USC,0.9941,11552,model_current.json
401856670,2026,2,Utah,Arkansas,False,False,True,43.0,10.0,33.0,22.69,0.9649,12.53,Utah,0.9649,11552,model_current.json
401856684,2026,2,Vanderbilt,Delaware,False,False,True,35.0,26.0,9.0,24.88,0.9765,12.52,Vanderbilt,0.9765,11552,model_current.json
401858221,2026,2,Virginia Tech,Old Dominion,False,False,True,44.0,21.0,23.0,10.36,0.7957,12.53,Virginia Tech,0.7957,11552,model_current.json
401858446,2026,2,Washington,Utah State,False,False,True,16.0,14.0,2.0,20.68,0.9508,12.51,Washington,0.9508,11552,model_current.json
401864512,2026,4,Akron,UNLV,False,False,False,,,,-30.82,0.007,12.53,UNLV,0.993,11552,model_current.json
401856696,2026,4,Alabama,South Carolina,False,True,False,,,,4.05,0.6267,12.52,Alabama,0.6267,11552,model_current.json
401856697,2026,4,Arkansas,Tulsa,False,False,False,,,,19.25,0.9377,12.52,Arkansas,0.9377,11552,model_current.json
401869931,2026,4,Arkansas State,Kennesaw State,False,False,False,,,,6.21,0.6904,12.5,Arkansas State,0.6904,11552,model_current.json
401856698,2026,4,Auburn,Vanderbilt,False,True,False,,,,-0.97,0.4691,12.5,Vanderbilt,0.5309,11552,model_current.json
401856813,2026,4,Baylor,Colorado,False,True,False,,,,12.99,0.8506,12.5,Baylor,0.8506,11552,model_current.json
401858242,2026,4,Boston College,Virginia Tech,False,True,False,,,,-1.85,0.4412,12.51,Virginia Tech,0.5588,11552,model_current.json
401862785,2026,4,Bowling Green,South Florida,False,False,False,,,,-23.72,0.0292,12.52,South Florida,0.9708,11552,model_current.json
401858234,2026,4,California,Clemson,False,True,False,,,,-11.44,0.1801,12.51,Clemson,0.8199,11552,model_current.json
401862780,2026,4,Charlotte,Louisiana,False,False,False,,,,-5.5,0.3303,12.51,Louisiana,0.6697,11552,model_current.json
401856814,2026,4,Cincinnati,Kansas State,False,True,False,,,,-7.02,0.2873,12.5,Kansas State,0.7127,11552,model_current.json
401869941,2026,4,Coastal Carolina,Liberty,False,False,False,,,,-25.17,0.0223,12.52,Liberty,0.9777,11552,model_current.json
401856699,2026,4,Florida,Ole Miss,False,True,False,,,,-8.56,0.2473,12.53,Ole Miss,0.7527,11552,model_current.json
401860891,2026,4,Fresno State,Rice,False,False,False,,,,27.71,0.9865,12.52,Fresno State,0.9865,11552,model_current.json
401856700,2026,4,Georgia,Oklahoma,False,True,False,,,,6.42,0.6956,12.54,Georgia,0.6956,11552,model_current.json
401856806,2026,4,Georgia Southern,Houston,False,False,False,,,,-4.29,0.366,12.51,Houston,0.634,11552,model_current.json
401864511,2026,4,Georgia State,Northern Illinois,False,False,False,,,,3.11,0.5982,12.52,Georgia State,0.5982,11552,model_current.json
401858461,2026,4,Indiana,Northwestern,False,True,False,,,,23.51,0.9698,12.52,Indiana,0.9698,11552,model_current.json
401856816,2026,4,Iowa State,Utah,False,True,False,,,,-9.44,0.2252,12.51,Utah,0.7748,11552,model_current.json
401871048,2026,4,Jacksonville State,Middle Tennessee,False,True,False,,,,9.21,0.7694,12.5,Jacksonville State,0.7694,11552,model_current.json
401866425,2026,4,Kent State,Ball State,False,True,False,,,,-3.54,0.3885,12.51,Ball State,0.6115,11552,model_current.json
401864576,2026,4,Kentucky,South Alabama,False,False,False,,,,7.44,0.724,12.51,Kentucky,0.724,11552,model_current.json
401856702,2026,4,LSU,Texas A&M,False,True,False,,,,-4.08,0.3722,12.51,Texas A&M,0.6278,11552,model_current.json
401858243,2026,4,Louisville,Wake Forest,False,True,False,,,,8.73,0.7575,12.5,Louisville,0.7575,11552,model_current.json
401858462,2026,4,Maryland,UCLA,False,True,False,,,,0.34,0.5109,12.5,Maryland,0.5109,11552,model_current.json
401858238,2026,4,Miami,Central Michigan,False,False,False,,,,31.07,0.9934,12.52,Miami,0.9934,11552,model_current.json
401861970,2026,4,Miami (OH),UConn,False,False,False,,,,-6.77,0.2941,12.51,UConn,0.7059,11552,model_current.json
401858463,2026,4,Michigan,Iowa,False,True,False,,,,-3.06,0.4033,12.5,Iowa,0.5967,11552,model_current.json
401858464,2026,4,Michigan State,Nebraska,False,True,False,,,,-5.96,0.317,12.51,Nebraska,0.683,11552,model_current.json
401856703,2026,4,Mississippi State,Missouri,False,True,False,,,,1.03,0.5328,12.5,Mississippi State,0.5328,11552,model_current.json
401864572,2026,4,NC State,App State,False,False,False,,,,16.2,0.9023,12.5,NC State,0.9023,11552,model_current.json
401864509,2026,4,Nevada,Air Force,False,True,False,,,,6.08,0.6865,12.51,Nevada,0.6865,11552,model_current.json
401864579,2026,4,New Mexico State,New Mexico,False,False,False,,,,-11.11,0.1874,12.51,New Mexico,0.8126,11552,model_current.json
401858465,2026,4,Ohio State,Illinois,False,True,False,,,,19.81,0.9432,12.52,Ohio State,0.9432,11552,model_current.json
401869961,2026,4,Old Dominion,James Madison,False,True,False,,,,-22.32,0.0374,12.52,James Madison,0.9626,11552,model_current.json
401858466,2026,4,Penn State,Wisconsin,False,True,False,,,,17.64,0.9208,12.5,Penn State,0.9208,11552,model_current.json
401858467,2026,4,Purdue,Notre Dame,False,False,False,,,,-29.65,0.0091,12.54,Notre Dame,0.9909,11552,model_current.json
401858241,2026,4,SMU,Missouri State,False,False,False,,,,26.03,0.9812,12.51,SMU,0.9812,11552,model_current.json
401866429,2026,4,Sacramento State,Massachusetts,False,True,False,,,,21.58,0.9574,12.53,Sacramento State,0.9574,11552,model_current.json
401858240,2026,4,Stanford,Georgia Tech,False,True,False,,,,-7.27,0.2805,12.5,Georgia Tech,0.7195,11552,model_current.json
401862779,2026,4,Temple,Army,False,True,False,,,,-7.85,0.2651,12.51,Army,0.7349,11552,model_current.json
401856704,2026,4,Tennessee,Texas,False,True,False,,,,-6.22,0.3097,12.51,Texas,0.6903,11552,model_current.json
401856805,2026,4,Texas Tech,Sam Houston,False,False,False,,,,40.67,0.9994,12.52,Texas Tech,0.9994,11552,model_current.json
401860893,2026,4,Toledo,San Diego State,False,False,False,,,,7.78,0.7326,12.53,Toledo,0.7326,11552,model_current.json
401862784,2026,4,Tulane,Southern Miss,False,False,False,,,,20.77,0.9513,12.52,Tulane,0.9513,11552,model_current.json
401862778,2026,4,UAB,Navy,False,True,False,,,,-4.74,0.3523,12.51,Navy,0.6477,11552,model_current.json
401856815,2026,4,UCF,TCU,False,True,False,,,,-4.77,0.3515,12.5,TCU,0.6485,11552,model_current.json
401862782,2026,4,UL Monroe,Florida Atlantic,False,False,False,,,,-4.65,0.355,12.51,Florida Atlantic,0.645,11552,model_current.json
401858469,2026,4,USC,Oregon,False,True,False,,,,1.07,0.5341,12.51,USC,0.5341,11552,model_current.json
401860895,2026,4,UTEP,Oregon State,False,False,False,,,,-1.1,0.4651,12.53,Oregon State,0.5349,11552,model_current.json
401860896,2026,4,UTSA,Colorado State,False,False,False,,,,13.32,0.8564,12.51,UTSA,0.8564,11552,model_current.json
401860894,2026,4,Utah State,Troy,False,False,False,,,,1.34,0.5427,12.51,Utah State,0.5427,11552,model_current.json
401858239,2026,4,Virginia,Delaware,False,False,False,,,,12.48,0.8407,12.51,Virginia,0.8407,11552,model_current.json
401858470,2026,4,Washington,Minnesota,False,True,False,,,,12.86,0.8481,12.51,Washington,0.8481,11552,model_current.json
401856804,2026,4,Washington State,Arizona,False,False,False,,,,-2.23,0.4291,12.51,Arizona,0.5709,11552,model_current.json
401856881,2026,4,West Virginia,Oklahoma State,False,True,False,,,,10.26,0.7939,12.51,West Virginia,0.7939,11552,model_current.json
401860897,2026,4,Western Michigan,Boise State,False,False,False,,,,-2.89,0.4087,12.52,Boise State,0.5913,11552,model_current.json
401864510,2026,4,Wyoming,Hawai'i,False,True,False,,,,-7.49,0.2744,12.5,Hawai'i,0.7256,11552,model_current.json
401862791,2026,5,Air Force,Navy,False,False,False,,,,-3.35,0.3946,12.52,Navy,0.6054,11610,model_current.json
401856820,2026,5,Arizona,Cincinnati,False,True,False,,,,9.2,0.7688,12.51,Arizona,0.7688,11610,model_current.json
401856817,2026,5,Arizona State,Baylor,False,True,False,,,,3.64,0.6144,12.51,Arizona State,0.6144,11610,model_current.json
401866431,2026,5,Ball State,Toledo,False,True,False,,,,-26.81,0.0162,12.52,Toledo,0.9838,11610,model_current.json
401860898,2026,5,Boise State,Utah State,False,True,False,,,,16.57,0.9071,12.52,Boise State,0.9071,11610,model_current.json
401866432,2026,5,Buffalo,Western Michigan,False,True,False,,,,-8.32,0.2531,12.52,Western Michigan,0.7469,11610,model_current.json
401866430,2026,5,Central Michigan,Akron,False,True,False,,,,20.43,0.9485,12.52,Central Michigan,0.9485,11610,model_current.json
401862787,2026,5,Charlotte,Memphis,False,True,False,,,,-20.8,0.0484,12.52,Memphis,0.9516,11610,model_current.json
401858249,2026,5,Clemson,Miami,False,True,False,,,,-13.14,0.1473,12.54,Miami,0.8527,11610,model_current.json
401869942,2026,5,Coastal Carolina,Georgia Southern,False,True,False,,,,-2.79,0.4119,12.51,Georgia Southern,0.5881,11610,model_current.json
401856821,2026,5,Colorado,Texas Tech,False,True,False,,,,-24.82,0.0237,12.52,Texas Tech,0.9763,11610,model_current.json
401860899,2026,5,Colorado State,Oregon State,False,True,False,,,,1.2,0.5381,12.51,Colorado State,0.5381,11610,model_current.json
401871050,2026,5,Delaware,Liberty,False,True,False,,,,-20.57,0.0502,12.51,Liberty,0.9498,11610,model_current.json
401858253,2026,5,Florida State,Virginia,False,True,False,,,,-2.64,0.4164,12.52,Virginia,0.5836,11610,model_current.json
401856705,2026,5,Georgia,Vanderbilt,False,True,False,,,,10.3,0.7944,12.53,Georgia,0.7944,11610,model_current.json
401869956,2026,5,Georgia State,Old Dominion,False,True,False,,,,2.95,0.5931,12.53,Georgia State,0.5931,11610,model_current.json
401864513,2026,5,Hawai'i,San José State,False,True,False,,,,2.88,0.591,12.51,Hawai'i,0.591,11610,model_current.json
401856819,2026,5,Houston,UCF,False,True,False,,,,2.32,0.5735,12.52,Houston,0.5735,11610,model_current.json
401858472,2026,5,Illinois,Purdue,False,True,False,,,,17.38,0.9175,12.51,Illinois,0.9175,11610,model_current.json
401858473,2026,5,Iowa,Ohio State,False,True,False,,,,-6.97,0.2888,12.51,Ohio State,0.7112,11610,model_current.json
401856822,2026,5,Iowa State,West Virginia,False,True,False,,,,19.56,0.9409,12.51,Iowa State,0.9409,11610,model_current.json
401869962,2026,5,James Madison,Marshall,False,True,False,,,,19.11,0.9363,12.53,James Madison,0.9363,11610,model_current.json
401856807,2026,5,Kansas,Middle Tennessee,False,False,False,,,,13.91,0.8665,12.53,Kansas,0.8665,11610,model_current.json
401866434,2026,5,Kent State,Ohio,False,True,False,,,,-14.43,0.1245,12.52,Ohio,0.8755,11610,model_current.json
401869932,2026,5,Louisiana,Arkansas State,False,True,False,,,,5.47,0.6689,12.52,Louisiana,0.6689,11610,model_current.json
401869842,2026,5,Louisiana Tech,Army,False,False,False,,,,-5.29,0.3368,12.55,Army,0.6632,11610,model_current.json
401866433,2026,5,Massachusetts,Eastern Michigan,False,True,False,,,,-1.86,0.4411,12.53,Eastern Michigan,0.5589,11610,model_current.json
401866477,2026,5,Miami (OH),Bowling Green,False,True,False,,,,6.83,0.7073,12.52,Miami (OH),0.7073,11610,model_current.json
401858474,2026,5,Minnesota,Michigan,False,True,False,,,,-8.08,0.2592,12.51,Michigan,0.7408,11610,model_current.json
401856707,2026,5,Mississippi State,Alabama,False,True,False,,,,-9.67,0.2197,12.51,Alabama,0.7803,11610,model_current.json
401856708,2026,5,Missouri,Florida,False,True,False,,,,3.93,0.6231,12.53,Missouri,0.6231,11610,model_current.json
401858248,2026,5,NC State,Louisville,False,True,False,,,,-3.97,0.3754,12.51,Louisville,0.6246,11610,model_current.json
401858475,2026,5,Nebraska,Maryland,False,True,False,,,,24.47,0.9746,12.52,Nebraska,0.9746,11610,model_current.json
401864514,2026,5,New Mexico,UTEP,False,True,False,,,,26.34,0.9822,12.53,New Mexico,0.9822,11610,model_current.json
401871049,2026,5,New Mexico State,Western Kentucky,False,True,False,,,,1.74,0.5554,12.51,New Mexico State,0.5554,11610,model_current.json
401858250,2026,5,North Carolina,Notre Dame,False,False,False,,,,-28.98,0.0104,12.54,Notre Dame,0.9896,11610,model_current.json
401864515,2026,5,North Dakota State,Wyoming,False,True,False,,,,14.87,0.8824,12.52,North Dakota State,0.8824,11610,model_current.json
401858476,2026,5,Northwestern,Penn State,False,True,False,,,,-8.97,0.2369,12.52,Penn State,0.7631,11610,model_current.json
401862788,2026,5,Rice,UTSA,False,True,False,,,,-16.5,0.0938,12.52,UTSA,0.9062,11610,model_current.json
401858477,2026,5,Rutgers,Indiana,False,True,False,,,,-32.03,0.0053,12.53,Indiana,0.9947,11610,model_current.json
401858246,2026,5,SMU,Boston College,False,True,False,,,,18.86,0.9341,12.51,SMU,0.9341,11610,model_current.json
401860900,2026,5,San Diego State,Texas State,False,True,False,,,,-0.27,0.4914,12.52,Texas State,0.5086,11610,model_current.json
401871089,2026,5,South Alabama,UL Monroe,False,True,False,,,,19.62,0.9415,12.52,South Alabama,0.9415,11610,model_current.json
401856709,2026,5,South Carolina,Kentucky,False,True,False,,,,10.6,0.8013,12.52,South Carolina,0.8013,11610,model_current.json
401862792,2026,5,South Florida,Temple,False,True,False,,,,18.26,0.9276,12.52,South Florida,0.9276,11610,model_current.json
401856818,2026,5,TCU,BYU,False,True,False,,,,1.6,0.5509,12.53,TCU,0.5509,11610,model_current.json
401856710,2026,5,Tennessee,Auburn,False,True,False,,,,4.01,0.6258,12.51,Tennessee,0.6258,11610,model_current.json
401856711,2026,5,Texas A&M,Arkansas,False,True,False,,,,13.39,0.8578,12.51,Texas A&M,0.8578,11610,model_current.json
401862786,2026,5,Tulsa,North Texas,False,True,False,,,,-24.9,0.0234,12.52,North Texas,0.9766,11610,model_current.json
401858252,2026,5,UConn,Syracuse,False,False,False,,,,14.57,0.8778,12.52,UConn,0.8778,11610,model_current.json
401858247,2026,5,UNLV,California,False,False,False,,,,12.49,0.841,12.51,UNLV,0.841,11610,model_current.json
401858478,2026,5,USC,Washington,False,True,False,,,,7.66,0.7297,12.52,USC,0.7297,11610,model_current.json
401858245,2026,5,Virginia Tech,Pittsburgh,False,True,False,,,,-8.38,0.2514,12.51,Pittsburgh,0.7486,11610,model_current.json
401858251,2026,5,Wake Forest,Stanford,False,True,False,,,,11.31,0.817,12.51,Wake Forest,0.817,11610,model_current.json
401860921,2026,5,Washington State,Fresno State,False,True,False,,,,-1.53,0.4513,12.51,Fresno State,0.5487,11610,model_current.json
401858479,2026,5,Wisconsin,Michigan State,False,True,False,,,,5.67,0.6747,12.52,Wisconsin,0.6747,11610,model_current.json
