game_id,season,week,home_team,away_team,neutral_site,conference_game,completed,home_points,away_points,actual_spread,pred_spread,win_prob_home,pp_scale,pred_winner,pred_win_prob
401207101,2020,1,Southern Miss,South Alabama,False,False,True,21.0,32.0,-11.0,10.102237048788687,0.7884277014491576,12.610387074980807,Southern Miss,0.7884277014491576
401235700,2020,1,Army,Middle Tennessee,False,False,True,42.0,0.0,42.0,20.26278894893559,0.9458849425072882,12.611008766999243,Army,0.9458849425072882
401212484,2020,1,Texas State,SMU,False,False,True,24.0,31.0,-7.0,-14.958927228774625,0.11787352126305918,12.613356105125995,SMU,0.8821264787369408
401212553,2020,1,Memphis,Arkansas State,False,False,True,37.0,24.0,13.0,17.69267615760372,0.9196559120002673,12.6091438780124,Memphis,0.9196559120002673
401234576,2020,1,Navy,BYU,False,False,True,3.0,55.0,-52.0,-13.519499391064755,0.1421334619471919,12.623191135612208,BYU,0.8578665380528081
401234559,2020,2,Miami,UAB,False,False,True,31.0,14.0,17.0,15.007632960372083,0.8822326210721323,12.648694684842233,Miami,0.8822326210721323
401236221,2020,2,Iowa State,Louisiana,False,False,True,14.0,31.0,-17.0,-0.7132766778123579,0.47749393513582594,12.63560480083991,Louisiana,0.5225060648641741
401234565,2020,2,North Carolina,Syracuse,False,True,True,31.0,6.0,25.0,11.750070420132982,0.8238603093488757,12.62981074516282,North Carolina,0.8238603093488757
401236053,2020,2,Kansas State,Arkansas State,False,False,True,31.0,35.0,-4.0,11.282676558197686,0.8139801176294095,12.637215637310993,Kansas State,0.8139801176294095
401236081,2020,2,App State,Charlotte,False,False,True,35.0,20.0,15.0,20.08448931297044,0.9439567690490628,12.636334375545724,App State,0.9439567690490628
401240113,2020,2,Army,UL Monroe,False,False,True,37.0,7.0,30.0,18.556544990227103,0.9281300758172386,12.688699455759526,Army,0.9281300758172386
401234574,2020,2,Notre Dame,Duke,False,True,True,27.0,13.0,14.0,19.71510173233916,0.9405478021867026,12.638663815989261,Notre Dame,0.9405478021867026
401207113,2020,2,Texas State,UTSA,False,False,True,48.0,51.0,-3.0,1.3506644334651638,0.5425655862731138,12.633687103786018,Texas State,0.5425655862731138
401234563,2020,2,Florida State,Georgia Tech,False,True,True,13.0,16.0,-3.0,7.645435041097627,0.727479395341738,12.631091279112043,Florida State,0.727479395341738
401234562,2020,2,Wake Forest,Clemson,False,True,True,13.0,37.0,-24.0,-20.993761008737376,0.04858470750043084,12.651927254398279,Clemson,0.9514152924995691
401239973,2020,2,South Alabama,Tulane,False,False,True,24.0,27.0,-3.0,-10.293765477148321,0.2078004811612965,12.64268724092862,Tulane,0.7921995188387034
401234564,2020,2,Louisville,Western Kentucky,False,False,True,35.0,21.0,14.0,2.946957432238762,0.5921195266545437,12.646570583609694,Louisville,0.5921195266545437
401236222,2020,2,Texas,UTEP,False,False,True,59.0,3.0,56.0,45.01037690888473,0.9998094148488182,12.652419181592485,Texas,0.9998094148488182
401236658,2020,2,Kansas,Coastal Carolina,False,False,True,23.0,38.0,-15.0,-0.2513838213623184,0.4920647701200151,12.636227093945148,Coastal Carolina,0.5079352298799849
401234567,2020,3,Duke,Boston College,False,True,True,6.0,26.0,-20.0,-4.0200886332568375,0.3751420609641025,12.629940508875048,Boston College,0.6248579390358975
401234571,2020,3,Pittsburgh,Syracuse,False,True,True,21.0,10.0,11.0,-2.523217845429024,0.42140257926397984,12.722553534787284,Syracuse,0.5785974207360202
401236041,2020,3,Oklahoma State,Tulsa,False,False,True,16.0,7.0,9.0,9.028926967811211,0.76258905687172,12.632128503230032,Oklahoma State,0.76258905687172
401212522,2020,3,Tulane,Navy,False,True,True,24.0,27.0,-3.0,0.7340609228332381,0.5230829777694825,12.678447715137215,Tulane,0.5230829777694825
401215301,2020,3,Georgia State,Louisiana,False,True,True,31.0,34.0,-3.0,-15.316284066914749,0.11276039854037649,12.634440584247189,Louisiana,0.8872396014596236
401207124,2020,3,Western Kentucky,Liberty,False,False,True,24.0,30.0,-6.0,11.837435764623546,0.8252255876982992,12.651797480995898,Western Kentucky,0.8252255876982992
401241282,2020,3,Notre Dame,South Florida,False,False,True,52.0,0.0,52.0,38.26360499860048,0.9987531828076625,12.640549349464544,Notre Dame,0.9987531828076625
401240640,2020,3,Middle Tennessee,Troy,False,False,True,14.0,47.0,-33.0,-6.478627035555409,0.30432382009895875,12.651920673088899,Troy,0.6956761799010412
401236939,2020,3,Marshall,App State,False,False,True,17.0,7.0,10.0,-7.518549492308747,0.27589175723223847,12.632675252358402,App State,0.7241082427677615
401234568,2020,3,Georgia Tech,UCF,False,False,True,21.0,49.0,-28.0,-20.769461928363388,0.050237629576643995,12.640138737940749,UCF,0.949762370423356
401207120,2020,3,North Texas,SMU,False,False,True,35.0,65.0,-30.0,-15.784255377652745,0.10634115927694841,12.662573357936497,SMU,0.8936588407230516
401215302,2020,3,UL Monroe,Texas State,False,True,True,17.0,38.0,-21.0,1.2783584188650763,0.5403163576275969,12.626941507998776,UL Monroe,0.5403163576275969
401234569,2020,3,Louisville,Miami,False,True,True,34.0,47.0,-13.0,-7.469717170381731,0.27720933881905524,12.634236331495925,Miami,0.7227906611809447
401207106,2020,3,Southern Miss,Louisiana Tech,False,True,True,30.0,31.0,-1.0,-2.1783790298690158,0.43153599151223515,12.629602735330204,Louisiana Tech,0.5684640084877648
401234570,2020,3,NC State,Wake Forest,False,True,True,45.0,42.0,3.0,-9.877549214837257,0.2173455541420815,12.642294779626175,Wake Forest,0.7826544458579185
401207132,2020,4,South Alabama,UAB,False,False,True,10.0,42.0,-32.0,-13.22846779829328,0.14772460105604177,12.641269750267885,UAB,0.8522753989439582
401207134,2020,4,UTSA,Middle Tennessee,False,False,True,37.0,35.0,2.0,-1.3756714766843456,0.45676752862770265,12.668354578108705,Middle Tennessee,0.5432324713722974
401215303,2020,4,Louisiana,Georgia Southern,False,True,True,20.0,18.0,2.0,10.68211923384411,0.8007571097874798,12.649550256860651,Louisiana,0.8007571097874798
401235996,2020,4,Oklahoma,Kansas State,False,True,True,35.0,38.0,-3.0,-2.2690200587093647,0.42926574384144794,12.72861569369464,Kansas State,0.570734256158552
401237034,2020,4,Auburn,Kentucky,False,True,True,29.0,13.0,16.0,7.88038082014775,0.7335072005889857,12.638185417102003,Auburn,0.7335072005889857
401236952,2020,4,Ole Miss,Florida,False,True,True,35.0,51.0,-16.0,-6.095762201623545,0.3148946844378127,12.64471398062381,Florida,0.6851053155621873
401234594,2020,4,Syracuse,Georgia Tech,False,True,True,37.0,20.0,17.0,14.242692186794784,0.8696605415963867,12.659827949483216,Syracuse,0.8696605415963867
401212536,2020,4,East Carolina,UCF,False,True,True,28.0,51.0,-23.0,-23.26318063823609,0.03295339058930807,12.64423880986551,UCF,0.967046609410692
401234595,2020,4,Pittsburgh,Louisville,False,True,True,23.0,20.0,3.0,2.6030768553418353,0.581567369034298,12.640882452892539,Pittsburgh,0.581567369034298
401207126,2020,4,Liberty,Florida International,False,False,True,36.0,34.0,2.0,5.7357505310825445,0.6748592225296928,12.649885740923228,Liberty,0.6748592225296928
401235994,2020,4,TCU,Iowa State,False,True,True,34.0,37.0,-3.0,-0.6015106191427547,0.4810053074270791,12.627444779903149,Iowa State,0.518994692572921
401240194,2020,4,UL Monroe,UTEP,False,False,True,6.0,31.0,-25.0,2.9718767574630522,0.592948173080085,12.63773312201497,UL Monroe,0.592948173080085
401240996,2020,4,Cincinnati,Army,False,False,True,24.0,10.0,14.0,8.454964360133271,0.7476349540193459,12.673114541941295,Cincinnati,0.7476349540193459
401237035,2020,4,LSU,Mississippi State,False,True,True,34.0,44.0,-10.0,16.794544458397706,0.9078704924406787,12.64550028349918,LSU,0.9078704924406787
401235995,2020,4,Texas Tech,Texas,False,True,True,56.0,63.0,-7.0,-5.7983787317779045,0.3235522582243754,12.664611003474342,Texas,0.6764477417756246
401235997,2020,4,Oklahoma State,West Virginia,False,True,True,27.0,13.0,14.0,11.750978719748264,0.8228712732112513,12.682828002698383,Oklahoma State,0.8228712732112513
401234638,2020,4,Virginia,Duke,False,True,True,38.0,20.0,18.0,15.695572042123077,0.8929200213416174,12.632165696336658,Virginia,0.8929200213416174
401237033,2020,4,Arkansas,Georgia,False,True,True,10.0,37.0,-27.0,-21.340045353127763,0.04584649064145365,12.648565673919924,Georgia,0.9541535093585464
401241303,2020,4,Boston College,Texas State,False,False,True,24.0,21.0,3.0,14.24300577307536,0.8700276771023495,12.640614265530006,Boston College,0.8700276771023495
401234734,2020,4,Southern Miss,Tulane,False,False,True,24.0,66.0,-42.0,-16.355689910816277,0.09797338857331858,12.64437694342913,Tulane,0.9020266114266814
401236951,2020,4,Missouri,Alabama,False,True,True,19.0,38.0,-19.0,-11.911061621354174,0.17334031702733071,12.654968874575834,Alabama,0.8266596829726693
401237037,2020,4,Texas A&M,Vanderbilt,False,True,True,17.0,12.0,5.0,16.385484812366347,0.9025204787235996,12.639430775905028,Texas A&M,0.9025204787235996
401237036,2020,4,South Carolina,Tennessee,False,True,True,27.0,31.0,-4.0,2.250627830998681,0.5706990019111056,12.631802882974997,South Carolina,0.5706990019111056
401235993,2020,4,Baylor,Kansas,False,True,True,47.0,14.0,33.0,29.950514753096943,0.9910762077287845,12.635980280360561,Baylor,0.9910762077287845
401234593,2020,4,Miami,Florida State,False,True,True,52.0,10.0,42.0,17.320812777658052,0.9136926699983255,12.696478906869169,Miami,0.9136926699983255
401234566,2020,4,Virginia Tech,NC State,False,True,True,45.0,24.0,21.0,18.005026322900946,0.9228959002465316,12.633025962199216,Virginia Tech,0.9228959002465316
401236223,2020,4,BYU,Troy,False,False,True,48.0,7.0,41.0,21.599931579039982,0.9562003927848933,12.640132917015153,BYU,0.9562003927848933
401246275,2020,5,BYU,Louisiana Tech,False,False,True,45.0,14.0,31.0,18.2684274321662,0.9254365455907092,12.659671827291149,BYU,0.9254365455907092
401215304,2020,5,Coastal Carolina,Arkansas State,False,True,True,52.0,23.0,29.0,3.739285462179159,0.616307053541135,12.640139203430985,Coastal Carolina,0.616307053541135
401212547,2020,5,Georgia State,East Carolina,False,False,True,49.0,29.0,20.0,11.122534546759033,0.8105985077979025,12.635637707811997,Georgia State,0.8105985077979025
401234600,2020,5,Pittsburgh,NC State,False,True,True,29.0,30.0,-1.0,8.792139602623777,0.756307391774783,12.658380524786827,Pittsburgh,0.756307391774783
401236002,2020,5,Texas,TCU,False,True,True,31.0,33.0,-2.0,5.841691543277652,0.6777827365335343,12.656400431408635,Texas,0.6777827365335343
401237096,2020,5,Florida,South Carolina,False,True,True,38.0,24.0,14.0,13.48468527666019,0.8561737354370054,12.679547866626583,Florida,0.8561737354370054
401237099,2020,5,Tennessee,Missouri,False,True,True,35.0,12.0,23.0,0.3724612511576373,0.5117305308871165,12.66397220906784,Tennessee,0.5117305308871165
401235998,2020,5,West Virginia,Baylor,False,True,True,27.0,21.0,6.0,-11.633117866161664,0.17864223021840508,12.634913910422394,Baylor,0.8213577697815949
401207141,2020,5,UAB,UTSA,False,True,True,21.0,13.0,8.0,14.661305401668816,0.8771489033570807,12.626989396677121,UAB,0.8771489033570807
401212476,2020,5,Cincinnati,South Florida,False,True,True,28.0,7.0,21.0,23.417781952270595,0.9679910009600138,12.638941344209965,Cincinnati,0.9679910009600138
401236001,2020,5,Kansas State,Texas Tech,False,True,True,31.0,21.0,10.0,10.784549147199296,0.802537055611707,12.674934304958317,Kansas State,0.802537055611707
401234597,2020,5,Boston College,North Carolina,False,True,True,22.0,26.0,-4.0,-0.4424545787109486,0.48604291755211704,12.643127777758677,North Carolina,0.513957082447883
401237093,2020,5,Alabama,Texas A&M,False,True,True,52.0,24.0,28.0,24.03351865289084,0.9712716522110438,12.644922821856259,Alabama,0.9712716522110438
401236000,2020,5,Kansas,Oklahoma State,False,True,True,7.0,47.0,-40.0,-24.272698290196097,0.027490176374284015,12.642830830713796,Oklahoma State,0.972509823625716
401212486,2020,5,SMU,Memphis,False,True,True,30.0,27.0,3.0,-3.274194476059311,0.3977896154444238,12.636864758333841,Memphis,0.6022103845555762
401234599,2020,5,Duke,Virginia Tech,False,True,True,31.0,38.0,-7.0,-8.951589452481294,0.2395855601192023,12.648196993605723,Virginia Tech,0.7604144398807977
401237097,2020,5,Kentucky,Ole Miss,False,True,True,41.0,42.0,-1.0,4.747971681871231,0.6461993691258723,12.657210208882267,Kentucky,0.6461993691258723
401207136,2020,5,Florida Atlantic,Charlotte,False,True,True,21.0,17.0,4.0,15.2853146053348,0.8864975191373382,12.649322477164757,Florida Atlantic,0.8864975191373382
401207138,2020,5,Middle Tennessee,Western Kentucky,False,True,True,17.0,20.0,-3.0,-11.046360044949742,0.19096450261597092,12.631731633866236,Western Kentucky,0.809035497384029
401212557,2020,5,Air Force,Navy,False,False,True,40.0,7.0,33.0,17.813559085051917,0.9203534435510521,12.65303826515425,Air Force,0.9203534435510521
401215305,2020,5,UL Monroe,Georgia Southern,False,True,True,30.0,35.0,-5.0,-15.246825872963697,0.11394568725050591,12.641561326482485,Georgia Southern,0.8860543127494941
401212531,2020,5,UCF,Tulsa,False,True,True,26.0,34.0,-8.0,13.110785620602586,0.8496755238695346,12.664430804296318,UCF,0.8496755238695346
401237098,2020,5,Vanderbilt,LSU,False,True,True,7.0,41.0,-34.0,-38.708998865498444,0.0011224275967864322,12.655186037016481,LSU,0.9988775724032136
401207139,2020,5,North Texas,Southern Miss,False,True,True,31.0,41.0,-10.0,-1.0108655549428418,0.46811524231281654,12.63327695557276,Southern Miss,0.5318847576871835
401235999,2020,5,Iowa State,Oklahoma,False,True,True,37.0,30.0,7.0,-1.076511332930529,0.46606087829425125,12.637523832464202,Oklahoma,0.5339391217057488
401237095,2020,5,Georgia,Auburn,False,True,True,27.0,6.0,21.0,9.993429774319493,0.7854210113312686,12.63784243456097,Georgia,0.7854210113312686
401237094,2020,5,Mississippi State,Arkansas,False,True,True,14.0,21.0,-7.0,11.8852664591609,0.8260825998186201,12.657854087546909,Mississippi State,0.8260825998186201
401234598,2020,5,Clemson,Virginia,False,True,True,41.0,23.0,18.0,22.050771789935116,0.9592509129279586,12.653069510195264,Clemson,0.9592509129279586
401212523,2020,6,Houston,Tulane,False,True,True,49.0,31.0,18.0,1.3052851659679578,0.5411884972390066,12.618997259631247,Houston,0.5411884972390066
401234601,2020,6,Georgia Tech,Louisville,False,True,True,46.0,27.0,19.0,0.49002485216992103,0.5154495798351474,12.649179407651372,Georgia Tech,0.5154495798351474
401237102,2020,6,Texas A&M,Florida,False,True,True,41.0,38.0,3.0,-1.822469937868611,0.4427189597431273,12.647879464485268,Florida,0.5572810402568726
401207215,2020,6,Liberty,UL Monroe,False,False,True,40.0,7.0,33.0,22.693886938350566,0.9636911079967505,12.636269384042462,Liberty,0.9636911079967505
401237105,2020,6,LSU,Missouri,False,True,True,41.0,45.0,-4.0,19.32591221074325,0.9369479928378981,12.630292414361318,LSU,0.9369479928378981
401236005,2020,6,Oklahoma,Texas,True,True,True,53.0,45.0,8.0,1.078304862653248,0.5337972834677658,12.711844426834517,Oklahoma,0.5337972834677658
401237106,2020,6,Vanderbilt,South Carolina,False,True,True,7.0,41.0,-34.0,-16.163405982797837,0.10028977804521054,12.625520423333757,South Carolina,0.8997102219547894
401234607,2020,6,North Carolina,Virginia Tech,False,True,True,56.0,45.0,11.0,0.9974119752523947,0.531472241685232,12.628884848911886,North Carolina,0.531472241685232
401234608,2020,6,Virginia,NC State,False,True,True,21.0,38.0,-17.0,8.969150983102587,0.7613463969258292,12.61945517960275,Virginia,0.7613463969258292
401234605,2020,6,Syracuse,Duke,False,True,True,24.0,38.0,-14.0,2.493800134731117,0.5783169900695394,12.619875313438046,Syracuse,0.5783169900695394
401236003,2020,6,Iowa State,Texas Tech,False,True,True,31.0,15.0,16.0,11.224210179003954,0.8130886811477729,12.618783774265037,Iowa State,0.8130886811477729
401215308,2020,6,Troy,Texas State,False,True,True,37.0,17.0,20.0,13.77828751295914,0.8623746443238742,12.62588239662541,Troy,0.8623746443238742
401237103,2020,6,Georgia,Tennessee,False,True,True,44.0,21.0,23.0,19.662803412068527,0.9402087320676003,12.628443636422379,Georgia,0.9402087320676003
401240997,2020,6,BYU,UTSA,False,False,True,27.0,20.0,7.0,28.38747922611197,0.9875559064859929,12.648160609403568,BYU,0.9875559064859929
401234603,2020,6,Boston College,Pittsburgh,False,True,True,31.0,30.0,1.0,3.2002148371022474,0.5999820639746211,12.632802166014864,Boston College,0.5999820639746211
401207143,2020,6,Florida International,Middle Tennessee,False,True,True,28.0,31.0,-3.0,7.0566546587005945,0.7118360623184739,12.627666418179883,Florida International,0.7118360623184739
401236004,2020,6,TCU,Kansas State,False,True,True,14.0,21.0,-7.0,-0.6303382275313154,0.4801199909462702,12.642899487085845,Kansas State,0.5198800090537298
401237101,2020,6,Auburn,Arkansas,False,True,True,30.0,28.0,2.0,24.524847979531366,0.9738205570182281,12.63494419561651,Auburn,0.9738205570182281
401212515,2020,6,Navy,Temple,False,True,True,31.0,29.0,2.0,4.0704937447680605,0.6263355926327179,12.633568238054432,Navy,0.6263355926327179
401212477,2020,6,South Florida,East Carolina,False,True,True,24.0,44.0,-20.0,-2.6668712642944996,0.41630585351400673,12.61685223838316,East Carolina,0.5836941464859933
401207146,2020,6,Western Kentucky,Marshall,False,True,True,14.0,38.0,-24.0,-2.1863462019540716,0.4313077560403554,12.633289212865094,Marshall,0.5686922439596447
401237100,2020,6,Ole Miss,Alabama,False,True,True,48.0,63.0,-15.0,-14.02610472812451,0.13404235800677478,12.662208172103263,Alabama,0.8659576419932252
401237104,2020,6,Kentucky,Mississippi State,False,True,True,24.0,2.0,22.0,12.847290755669325,0.8450738215022199,12.648404275218036,Kentucky,0.8450738215022199
401234604,2020,6,Clemson,Miami,False,True,True,42.0,17.0,25.0,25.559384053029053,0.9784719434596826,12.627365857362031,Clemson,0.9784719434596826
401234606,2020,6,Notre Dame,Florida State,False,True,True,42.0,26.0,16.0,24.949462631384527,0.9757468176827968,12.640284581390114,Notre Dame,0.9757468176827968
401207145,2020,6,Louisiana Tech,UTEP,False,True,True,21.0,17.0,4.0,21.565666476707538,0.9560769243368509,12.630015123888404,Louisiana Tech,0.9560769243368509
401207142,2020,6,North Texas,Charlotte,False,True,True,21.0,49.0,-28.0,-12.608022554641243,0.15931145117938708,12.639909714705265,Charlotte,0.840688548820613
401215311,2020,7,Louisiana,Coastal Carolina,False,True,True,27.0,30.0,-3.0,13.26958807753344,0.8528479376174001,12.650599857000035,Louisiana,0.8528479376174001
401215310,2020,7,Arkansas State,Georgia State,False,True,True,59.0,52.0,7.0,3.8255801045239495,0.6189278009207977,12.63833552203138,Arkansas State,0.6189278009207977
401212487,2020,7,Tulane,SMU,False,True,True,34.0,37.0,-3.0,3.0365167557938193,0.5949343577079017,12.637402898648354,Tulane,0.5949343577079017
401212551,2020,7,Houston,BYU,False,False,True,26.0,43.0,-17.0,-11.62836226433704,0.1790758812296967,12.652602729082727,BYU,0.8209241187703034
401215313,2020,7,South Alabama,Texas State,False,True,True,30.0,20.0,10.0,3.9170252872677804,0.6216855060223503,12.637934320349661,South Alabama,0.6216855060223503
401237109,2020,7,South Carolina,Auburn,False,True,True,30.0,22.0,8.0,-4.974972878835088,0.34697304411775265,12.641351480221788,Auburn,0.6530269558822474
401212478,2020,7,Temple,South Florida,False,True,True,39.0,37.0,2.0,12.332631493564898,0.8349317043937197,12.661658028187777,Temple,0.8349317043937197
401236007,2020,7,West Virginia,Kansas,False,True,True,38.0,17.0,21.0,20.62910862822359,0.9485743635202221,12.642427043853644,West Virginia,0.9485743635202221
401234615,2020,7,Syracuse,Liberty,False,False,True,21.0,38.0,-17.0,-1.7243526706225758,0.4458140501049405,12.655132619513077,Liberty,0.5541859498950594
401212548,2020,7,East Carolina,Navy,False,True,True,23.0,27.0,-4.0,-6.773197277128275,0.2960495285529994,12.639854922613535,Navy,0.7039504714470006
401234614,2020,7,Miami,Pittsburgh,False,True,True,31.0,19.0,12.0,10.442861452690538,0.7952225139670235,12.661007418368094,Miami,0.7952225139670235
401237111,2020,7,Tennessee,Kentucky,False,True,True,7.0,34.0,-27.0,-12.36103984754907,0.1641064354307844,12.640438379148371,Kentucky,0.8358935645692156
401234610,2020,7,Georgia Tech,Clemson,False,True,True,7.0,73.0,-66.0,-45.8411494993271,0.00014979920112827698,12.662080568981697,Clemson,0.9998502007988718
401240115,2020,7,UTSA,Army,False,False,True,16.0,28.0,-12.0,-13.897118404072481,0.13603306936840162,12.650527830206642,Army,0.8639669306315984
401207153,2020,7,UAB,Western Kentucky,False,True,True,37.0,14.0,23.0,8.99836131294007,0.7616575178703109,12.642703759618755,UAB,0.7616575178703109
401234613,2020,7,Notre Dame,Louisville,False,True,True,12.0,7.0,5.0,21.81736807821063,0.9573659866218802,12.673208617073909,Notre Dame,0.9573659866218802
401212537,2020,7,Memphis,UCF,False,True,True,50.0,49.0,1.0,4.738910811988607,0.6460640205095836,12.6453542464852,Memphis,0.6460640205095836
401234611,2020,7,NC State,Duke,False,True,True,31.0,20.0,11.0,3.73898007037257,0.6163458969090605,12.634788107657437,NC State,0.6163458969090605
401237108,2020,7,Arkansas,Ole Miss,False,True,True,33.0,21.0,12.0,-7.386435894027534,0.28006515177489694,12.67578889557421,Ole Miss,0.7199348482251031
401237112,2020,7,Mississippi State,Texas A&M,False,True,True,14.0,28.0,-14.0,-4.906289937558248,0.3490625369538235,12.648537732885332,Texas A&M,0.6509374630461765
401250215,2020,7,Georgia Southern,Massachusetts,False,False,True,41.0,0.0,41.0,36.16403249896725,0.9978430822758398,12.659536957340942,Georgia Southern,0.9978430822758398
401234616,2020,7,Wake Forest,Virginia,False,True,True,40.0,23.0,17.0,2.2911858358265964,0.571917517403562,12.63925298894039,Wake Forest,0.571917517403562
401207150,2020,7,Middle Tennessee,North Texas,False,True,True,35.0,52.0,-17.0,-1.9760264099214464,0.4378960142650085,12.640863475296296,North Texas,0.5621039857349914
401207149,2020,7,Louisiana Tech,Marshall,False,True,True,17.0,35.0,-18.0,-3.427825014837539,0.3931439352563617,12.641290688050299,Marshall,0.6068560647436383
401234612,2020,7,Florida State,North Carolina,False,True,True,31.0,28.0,3.0,-6.320006383571461,0.3088438646639328,12.660582209909622,North Carolina,0.6911561353360671
401234609,2020,7,Virginia Tech,Boston College,False,True,True,40.0,14.0,26.0,15.568563690759966,0.890866729678731,12.642603236910233,Virginia Tech,0.890866729678731
401237107,2020,7,Alabama,Georgia,False,True,True,41.0,24.0,17.0,8.162591836483514,0.7403832815683269,12.662804296174379,Alabama,0.7403832815683269
401240642,2020,8,App State,Arkansas State,False,True,True,45.0,17.0,28.0,21.72481990296081,0.9571351031855498,12.638149408460624,App State,0.9571351031855498
401212479,2020,8,South Florida,Tulsa,False,True,True,13.0,42.0,-29.0,-18.28328582491564,0.07387371944771931,12.627071046275642,Tulsa,0.9261262805522807
401238036,2020,8,UAB,Louisiana,False,False,True,20.0,24.0,-4.0,-4.640395584332333,0.3567612896033471,12.63836603218856,Louisiana,0.6432387103966529
401247297,2020,8,Wisconsin,Illinois,False,True,True,45.0,7.0,38.0,28.328967771671795,0.9875103875086252,12.630176931201927,Wisconsin,0.9875103875086252
401247293,2020,8,Ohio State,Nebraska,False,True,True,52.0,17.0,35.0,28.184192606131134,0.9871002056963861,12.636203689454529,Ohio State,0.9871002056963861
401247299,2020,8,Michigan State,Rutgers,False,True,True,27.0,38.0,-11.0,11.950374747992182,0.8280412107252905,12.624297464501383,Michigan State,0.8280412107252905
401237115,2020,8,Ole Miss,Auburn,False,True,True,28.0,35.0,-7.0,-6.582453551732395,0.3011678126389065,12.631715785618278,Auburn,0.6988321873610934
401236011,2020,8,TCU,Oklahoma,False,True,True,14.0,33.0,-19.0,-8.487422426470001,0.2506741733336793,12.621472572077812,Oklahoma,0.7493258266663207
401234619,2020,8,Louisville,Florida State,False,True,True,48.0,16.0,32.0,13.837356792245664,0.8630007414838735,12.647015021626345,Louisville,0.8630007414838735
401212516,2020,8,Memphis,Temple,False,True,True,41.0,29.0,12.0,20.306116064012695,0.9460356761769777,12.627395350721704,Memphis,0.9460356761769777
401207154,2020,8,Charlotte,UTEP,False,True,True,38.0,28.0,10.0,19.664220138209252,0.9402736545446861,12.624996647735871,Charlotte,0.9402736545446861
401215316,2020,8,Coastal Carolina,Georgia Southern,False,True,True,28.0,14.0,14.0,1.693639635901222,0.5533599561414158,12.623333725963825,Coastal Carolina,0.5533599561414158
401236010,2020,8,Kansas State,Kansas,False,True,True,55.0,14.0,41.0,34.204935269899174,0.9965814918955063,12.63696268710318,Kansas State,0.9965814918955063
401234621,2020,8,North Carolina,NC State,False,True,True,48.0,21.0,27.0,17.678781086127735,0.9192207211865588,12.625647612554552,North Carolina,0.9192207211865588
401234618,2020,8,Clemson,Syracuse,False,True,True,47.0,21.0,26.0,37.83887816641093,0.9985987968260014,12.649496736261465,Clemson,0.9985987968260014
401207160,2020,8,Liberty,Southern Miss,False,False,True,56.0,35.0,21.0,14.56267191666312,0.875391622886313,12.63573425864043,Liberty,0.875391622886313
401212524,2020,8,UCF,Tulane,False,True,True,51.0,34.0,17.0,9.06880611885412,0.7635369891473605,12.633715056658877,UCF,0.7635369891473605
401207156,2020,8,Marshall,Florida Atlantic,False,True,True,20.0,9.0,11.0,-2.834297221315652,0.41119419690088127,12.625174878907872,Florida Atlantic,0.5888058030991188
401234623,2020,8,Wake Forest,Virginia Tech,False,True,True,23.0,16.0,7.0,-2.779980509992718,0.4128781095744618,12.626594099439263,Virginia Tech,0.5871218904255382
401247296,2020,8,Purdue,Iowa,False,True,True,24.0,20.0,4.0,-11.908211964326041,0.17276716988144458,12.621991725022054,Iowa,0.8272328301185554
401236009,2020,8,Oklahoma State,Iowa State,False,True,True,24.0,21.0,3.0,0.0754399270611511,0.5023817381477215,12.63499406588566,Oklahoma State,0.5023817381477215
401236008,2020,8,Texas,Baylor,False,True,True,27.0,16.0,11.0,3.3410802295995743,0.6043420089175513,12.62557327035253,Texas,0.6043420089175513
401207158,2020,8,Rice,Middle Tennessee,False,True,True,34.0,40.0,-6.0,6.050810814208769,0.6841866073870371,12.619203695286515,Rice,0.6841866073870371
401237114,2020,8,Tennessee,Alabama,False,True,True,17.0,48.0,-31.0,-25.50606767757908,0.021848981367643773,12.639836765228816,Alabama,0.9781510186323562
401212552,2020,8,Navy,Houston,False,True,True,21.0,37.0,-16.0,-7.476589381311729,0.27697391513778097,12.630913716919201,Houston,0.723026084862219
401247295,2020,8,Indiana,Penn State,False,True,True,36.0,35.0,1.0,-7.406035952370736,0.2789045669779109,12.634605057515442,Penn State,0.7210954330220891
401234622,2020,8,Pittsburgh,Notre Dame,False,True,True,3.0,45.0,-42.0,-23.34519998014868,0.03243573602447387,12.640297922540178,Notre Dame,0.9675642639755261
401215317,2020,8,Troy,Georgia State,False,True,True,34.0,36.0,-2.0,5.2367997764934975,0.6608924935316598,12.620480014976168,Troy,0.6608924935316598
401237122,2020,8,Missouri,Kentucky,False,True,True,20.0,10.0,10.0,0.18122535898967695,0.5057136942912315,12.651950644211393,Missouri,0.5057136942912315
401234617,2020,8,Boston College,Georgia Tech,False,True,True,48.0,27.0,21.0,16.441370502712875,0.9035756538915598,12.622749714315779,Boston College,0.9035756538915598
401236012,2020,8,Texas Tech,West Virginia,False,True,True,34.0,27.0,7.0,3.375605328931631,0.605271981217175,12.64067190766085,Texas Tech,0.605271981217175
401248998,2020,8,Nevada,Wyoming,False,True,True,37.0,34.0,3.0,-10.026430027835428,0.2135795932904071,12.624873998725601,Wyoming,0.7864204067095929
401248997,2020,8,Boise State,Utah State,False,True,True,42.0,13.0,29.0,19.15234247232917,0.9353375314066111,12.623254749435532,Boise State,0.9353375314066111
401237118,2020,8,LSU,South Carolina,False,True,True,52.0,24.0,28.0,26.563480710685482,0.982227222021418,12.630453452733114,LSU,0.982227222021418
401250784,2020,8,South Alabama,UL Monroe,False,True,True,38.0,14.0,24.0,14.302278655906825,0.8713337974489025,12.623870917753605,South Alabama,0.8713337974489025
401247294,2020,8,Minnesota,Michigan,False,True,True,24.0,49.0,-25.0,-10.218056059506136,0.20914381894822331,12.62239457207715,Michigan,0.7908561810517767
401247298,2020,8,Northwestern,Maryland,False,True,True,43.0,3.0,40.0,23.677923056976685,0.9695431672629004,12.628934448323642,Northwestern,0.9695431672629004
401248994,2020,8,Fresno State,Hawai'i,False,True,True,19.0,34.0,-15.0,-1.3985721443929537,0.4558842413960177,12.620396373315259,Hawai'i,0.5441157586039823
401234620,2020,8,Miami,Virginia,False,True,True,19.0,14.0,5.0,6.727888573209104,0.7025671851318978,12.649718076713974,Miami,0.7025671851318978
401207157,2020,8,UTSA,Louisiana Tech,False,True,True,27.0,26.0,1.0,-6.9857935585795925,0.2900592774603863,12.626200050619996,Louisiana Tech,0.7099407225396137
401212488,2020,8,SMU,Cincinnati,False,True,True,13.0,42.0,-29.0,-9.672619070060598,0.2218366069936416,12.625523389648231,Cincinnati,0.7781633930063584
401240998,2020,8,BYU,Texas State,False,False,True,52.0,14.0,38.0,36.80611909903613,0.9981970749425433,12.634031547075223,BYU,0.9981970749425433
401248996,2020,8,San Diego State,UNLV,False,True,True,34.0,6.0,28.0,22.857629235869684,0.9648002788457627,12.628252886587589,San Diego State,0.9648002788457627
401248993,2020,8,San José State,Air Force,False,True,True,17.0,6.0,11.0,-6.360705580712041,0.308488796156436,12.716436565599073,Air Force,0.691511203843564
401215321,2020,9,Georgia Southern,South Alabama,False,True,True,24.0,17.0,7.0,14.642978085250077,0.8771882812578846,12.609227607663309,Georgia Southern,0.8771882812578846
401249000,2020,9,Fresno State,Colorado State,False,True,True,38.0,17.0,21.0,13.10674546132814,0.8506553584631841,12.609396345725798,Fresno State,0.8506553584631841
401247302,2020,9,Maryland,Minnesota,False,True,True,45.0,44.0,1.0,-21.359008865326384,0.0451068411027918,12.602213912259648,Minnesota,0.9548931588972082
401212533,2020,9,Tulsa,East Carolina,False,True,True,34.0,30.0,4.0,13.755836841815308,0.8624826443650544,12.599728340013664,Tulsa,0.8624826443650544
401249001,2020,9,Wyoming,Hawai'i,False,True,True,31.0,7.0,24.0,15.10283350428769,0.8843324744472298,12.615247568620447,Wyoming,0.8843324744472298
401207162,2020,9,Florida Atlantic,UTSA,False,True,True,24.0,3.0,21.0,26.47536226185556,0.9821235085062564,12.602828790242155,Florida Atlantic,0.9821235085062564
401234629,2020,9,Syracuse,Wake Forest,False,True,True,14.0,38.0,-24.0,-9.958036965724737,0.21483072733302366,12.606921908311776,Wake Forest,0.7851692726669763
401215318,2020,9,Georgia State,Coastal Carolina,False,True,True,0.0,51.0,-51.0,-20.850764197563382,0.049043371959241015,12.600500879415867,Coastal Carolina,0.950956628040759
401236014,2020,9,Kansas,Iowa State,False,True,True,22.0,52.0,-30.0,-29.41368560542553,0.009843190556401035,12.604297010440627,Iowa State,0.990156809443599
401234624,2020,9,Clemson,Boston College,False,True,True,34.0,28.0,6.0,32.41280936870567,0.994862791987091,12.620794768196292,Clemson,0.994862791987091
401236015,2020,9,West Virginia,Kansas State,False,True,True,37.0,10.0,27.0,3.7786450709718737,0.6177299798638602,12.61425147637636,West Virginia,0.6177299798638602
401212517,2020,9,Tulane,Temple,False,True,True,38.0,3.0,35.0,20.502098579780704,0.9480859513002676,12.600352066379589,Tulane,0.9480859513002676
401237117,2020,9,Kentucky,Georgia,False,True,True,3.0,14.0,-11.0,-6.9465724971717275,0.2910108393986631,12.618692561588318,Georgia,0.7089891606013369
401247305,2020,9,Michigan,Michigan State,False,True,True,24.0,27.0,-3.0,13.089227340660745,0.8500311091105891,12.62512444442964,Michigan,0.8500311091105891
401247301,2020,9,Illinois,Purdue,False,True,True,24.0,31.0,-7.0,-1.499331594200189,0.4526820158156543,12.610136682285237,Purdue,0.5473179841843456
401212543,2020,9,Cincinnati,Memphis,False,True,True,49.0,10.0,39.0,12.118843604105608,0.8316246001113414,12.613662716528887,Cincinnati,0.8316246001113414
401212538,2020,9,Houston,UCF,False,True,True,21.0,44.0,-23.0,-9.448868081775302,0.22696024511227703,12.615308605077221,UCF,0.773039754887723
401215320,2020,9,Arkansas State,Troy,False,True,True,10.0,38.0,-28.0,-8.724720764116602,0.24449333820041225,12.607732745965023,Troy,0.7555066617995878
401207166,2020,9,Southern Miss,Rice,False,True,True,6.0,30.0,-24.0,-3.747598807918141,0.3830853538908028,12.600503753613841,Rice,0.6169146461091972
401234626,2020,9,Georgia Tech,Notre Dame,False,True,True,13.0,31.0,-18.0,-30.212852578085005,0.008335309969755978,12.613164220519412,Notre Dame,0.991664690030244
401247300,2020,9,Rutgers,Indiana,False,True,True,21.0,37.0,-16.0,-16.50660564865834,0.09552978614423946,12.62195112552991,Indiana,0.9044702138557605
401237121,2020,9,Auburn,LSU,False,True,True,48.0,11.0,37.0,3.0024322390657967,0.5941776578941912,12.597927679736395,Auburn,0.5941776578941912
401236013,2020,9,Baylor,TCU,False,True,True,23.0,33.0,-10.0,7.2246008267139965,0.7168455413283163,12.595968476120092,Baylor,0.7168455413283163
401247303,2020,9,Iowa,Northwestern,False,True,True,20.0,21.0,-1.0,15.763503665255405,0.8940260405922349,12.625809363302668,Iowa,0.8940260405922349
401207163,2020,9,Louisiana Tech,UAB,False,True,True,37.0,34.0,3.0,-0.877505554593944,0.4722395050655597,12.599187758828673,UAB,0.5277604949344403
401237123,2020,9,Vanderbilt,Ole Miss,False,True,True,21.0,54.0,-33.0,-20.453766289260688,0.05247284592967287,12.611263932528283,Ole Miss,0.9475271540703272
401215319,2020,9,UL Monroe,App State,False,True,True,13.0,31.0,-18.0,-30.61004198853119,0.007630491149662746,12.609026839259645,App State,0.9923695088503373
401234627,2020,9,Louisville,Virginia Tech,False,True,True,35.0,42.0,-7.0,-6.1020886884857095,0.31433340762412854,12.616540356206391,Virginia Tech,0.6856665923758715
401236017,2020,9,Oklahoma State,Texas,False,True,True,34.0,41.0,-7.0,-8.677976795468094,0.24579663837694632,12.615757996483117,Texas,0.7542033616230537
401248999,2020,9,Air Force,Boise State,False,True,True,30.0,49.0,-19.0,-4.1675724694455685,0.37048985757766234,12.606498846384913,Boise State,0.6295101424223377
401237119,2020,9,Alabama,Mississippi State,False,True,True,41.0,0.0,41.0,34.720886257550674,0.9970056664326196,12.623402693284309,Alabama,0.9970056664326196
401234625,2020,9,Duke,Charlotte,False,False,True,53.0,19.0,34.0,13.001820757515766,0.8488113884333061,12.604276955154335,Duke,0.8488113884333061
401249003,2020,9,New Mexico,San José State,False,True,True,21.0,38.0,-17.0,-12.45616268506343,0.1632033095547678,12.690288310646956,San José State,0.8367966904452322
401237120,2020,9,Texas A&M,Arkansas,False,True,True,42.0,31.0,11.0,13.982318904385684,0.8660239830407519,12.619272422849033,Texas A&M,0.8660239830407519
401212489,2020,9,SMU,Navy,False,True,True,51.0,37.0,14.0,12.063898640175537,0.8308271395587319,12.598002518032626,SMU,0.8308271395587319
401247306,2020,9,Penn State,Ohio State,False,True,True,25.0,38.0,-13.0,-10.23182599381513,0.20923899787880257,12.644606492486858,Ohio State,0.7907610021211975
401237116,2020,9,Florida,Missouri,False,True,True,41.0,17.0,24.0,12.154669130072447,0.8322993034971125,12.615667122110004,Florida,0.8322993034971125
401215322,2020,9,Texas State,Louisiana,False,True,True,34.0,44.0,-10.0,-20.92978680799588,0.04845338865287443,12.60375658530956,Louisiana,0.9515466113471256
401234628,2020,9,Virginia,North Carolina,False,True,True,44.0,41.0,3.0,-4.350221617304451,0.3649711294709279,12.600678573955154,North Carolina,0.6350288705290721
401236016,2020,9,Texas Tech,Oklahoma,False,True,True,28.0,62.0,-34.0,-20.65999438853071,0.05063052512078364,12.602829370667376,Oklahoma,0.9493694748792163
401249004,2020,9,Utah State,San Diego State,False,True,True,7.0,38.0,-31.0,-13.529200160649312,0.1422336248034807,12.637681554120718,San Diego State,0.8577663751965193
401239887,2020,9,BYU,Western Kentucky,False,False,True,41.0,10.0,31.0,28.38083246163163,0.9877424764253814,12.612661282692288,BYU,0.9877424764253814
401249002,2020,9,UNLV,Nevada,False,True,True,19.0,37.0,-18.0,-2.407522661469294,0.4243233209765114,12.613859277227853,Nevada,0.5756766790234886
401249857,2020,10,Akron,Western Michigan,False,True,True,13.0,58.0,-45.0,-31.58969165118268,0.006277675334572288,12.647318668813943,Western Michigan,0.9937223246654278
401249856,2020,10,Kent State,Eastern Michigan,False,True,True,27.0,23.0,4.0,0.6540192036981836,0.5206472912643629,12.630044815917799,Kent State,0.5206472912643629
401249889,2020,10,Miami (OH),Ball State,False,True,True,38.0,31.0,7.0,2.7154986947344733,0.5850892068627492,12.633146046176261,Miami (OH),0.5850892068627492
401249860,2020,10,Central Michigan,Ohio,False,True,True,30.0,27.0,3.0,-7.5647699486201745,0.2746550237553555,12.631815961168348,Ohio,0.7253449762446444
401249859,2020,10,Northern Illinois,Buffalo,False,True,True,30.0,49.0,-19.0,-13.399124574334735,0.14445401734400085,12.63210624552508,Buffalo,0.8555459826559991
401249858,2020,10,Toledo,Bowling Green,False,True,True,38.0,3.0,35.0,21.683027505222924,0.9568644880806181,12.635766732715284,Toledo,0.9568644880806181
401249009,2020,10,Nevada,Utah State,False,True,True,34.0,9.0,25.0,5.883592879986942,0.6788313892717346,12.666958499576676,Nevada,0.6788313892717346
401249010,2020,10,Colorado State,Wyoming,False,True,True,34.0,24.0,10.0,-4.3057398726235565,0.36668622888866087,12.638791961403118,Wyoming,0.6333137711113391
401234630,2020,10,NC State,Miami,False,True,True,41.0,44.0,-3.0,-10.110746109087863,0.21186646880132076,12.637200535650196,Miami,0.7881335311986792
401249008,2020,10,San Diego State,San José State,False,True,True,17.0,28.0,-11.0,4.390545441230033,0.6349715000291059,12.723124106455874,San Diego State,0.6349715000291059
401249005,2020,10,Boise State,BYU,False,False,True,17.0,51.0,-34.0,-11.977595107814757,0.1720304423577106,12.65687950497353,BYU,0.8279695576422894
401212490,2020,10,Temple,SMU,False,True,True,23.0,47.0,-24.0,-13.158976621113686,0.14885779974713503,12.634190465704586,SMU,0.851142200252865
401249400,2020,10,USC,Arizona State,False,True,True,28.0,27.0,1.0,1.608370540295406,0.550649757412211,12.633042218808033,USC,0.550649757412211
401212480,2020,10,Memphis,South Florida,False,True,True,34.0,33.0,1.0,26.526193854734473,0.9820265693030483,12.640359442400301,Memphis,0.9820265693030483
401212525,2020,10,East Carolina,Tulane,False,True,True,21.0,38.0,-17.0,-20.095224191429022,0.05594681911788446,12.636631255585705,Tulane,0.9440531808821155
401215327,2020,10,Georgia State,UL Monroe,False,True,True,52.0,34.0,18.0,13.150040893802384,0.8510450051507907,12.63069304317692,Georgia State,0.8510450051507907
401253924,2020,10,Louisiana,Arkansas State,False,True,True,27.0,20.0,7.0,19.574438907526968,0.9391472271100271,12.644007265993451,Louisiana,0.9391472271100271
401236022,2020,10,Texas,West Virginia,False,True,True,17.0,13.0,4.0,12.387739303895588,0.8364896634061704,12.636645471158246,Texas,0.8364896634061704
401247313,2020,10,Iowa,Michigan State,False,True,True,49.0,7.0,42.0,27.055061126248845,0.9837465669588845,12.647413857813282,Iowa,0.9837465669588845
401234633,2020,10,Duke,North Carolina,False,True,True,24.0,56.0,-32.0,-13.291111014246301,0.14651040078818647,12.637571283517609,North Carolina,0.8534895992118136
401247309,2020,10,Indiana,Michigan,False,True,True,38.0,21.0,17.0,-6.189900814865002,0.31232779441859887,12.650093533124119,Michigan,0.6876722055814011
401247307,2020,10,Northwestern,Nebraska,False,True,True,21.0,13.0,8.0,1.6942424654655572,0.5530080027610456,12.712210749845003,Northwestern,0.5530080027610456
401234636,2020,10,Virginia Tech,Liberty,False,False,True,35.0,38.0,-3.0,8.807600944375316,0.7570380982797927,12.638286505377696,Virginia Tech,0.7570380982797927
401215326,2020,10,Georgia Southern,Troy,False,True,True,20.0,13.0,7.0,3.757083433294907,0.6169091712682331,12.633021963968606,Georgia Southern,0.6169091712682331
401234631,2020,10,Syracuse,Boston College,False,True,True,13.0,16.0,-3.0,-4.526832846902812,0.3601088953983334,12.637599723217363,Boston College,0.6398911046016666
401251931,2020,10,Marshall,Massachusetts,False,False,True,51.0,10.0,41.0,40.437588100498196,0.9992918848388936,12.658554936783053,Marshall,0.9992918848388936
401215324,2020,10,Texas State,App State,False,True,True,17.0,38.0,-21.0,-23.98683854839808,0.028901571483828742,12.638214227612657,App State,0.9710984285161712
401236021,2020,10,TCU,Texas Tech,False,True,True,34.0,18.0,16.0,13.821258959713216,0.8628648704401299,12.639537600433504,TCU,0.8628648704401299
401249006,2020,10,UNLV,Fresno State,False,True,True,27.0,40.0,-13.0,-12.39248656168621,0.16340178409083544,12.635815014976556,Fresno State,0.8365982159091645
401247308,2020,10,Illinois,Minnesota,False,True,True,14.0,41.0,-27.0,-18.16928478497381,0.07559711160405558,12.655215725778667,Minnesota,0.9244028883959444
401236019,2020,10,Oklahoma,Kansas,False,True,True,62.0,9.0,53.0,49.29886414164047,0.9999502056056885,12.64993514177952,Oklahoma,0.9999502056056885
401237125,2020,10,Georgia,Florida,True,True,True,28.0,44.0,-16.0,1.182772670928811,0.5370272137368435,12.724084715559774,Georgia,0.5370272137368435
401237126,2020,10,Mississippi State,Vanderbilt,False,True,True,24.0,17.0,7.0,13.68636403786519,0.86037719933999,12.646520757887188,Mississippi State,0.86037719933999
401247312,2020,10,Penn State,Maryland,False,True,True,19.0,35.0,-16.0,21.04335903651482,0.9519793346759094,12.639323364720761,Penn State,0.9519793346759094
401212544,2020,10,Cincinnati,Houston,False,True,True,38.0,10.0,28.0,19.251523177874446,0.9359173649415231,12.650297721699017,Cincinnati,0.9359173649415231
401236020,2020,10,Kansas State,Oklahoma State,False,True,True,18.0,20.0,-2.0,-0.03409980183212857,0.49892350469727187,12.636034079298142,Oklahoma State,0.5010764953027281
401234634,2020,10,Florida State,Pittsburgh,False,True,True,17.0,41.0,-24.0,-10.055595360077444,0.2132611291859406,12.64422407743694,Pittsburgh,0.7867388708140595
401207169,2020,10,Florida Atlantic,Western Kentucky,False,True,True,10.0,6.0,4.0,20.515524786634693,0.9477204231191312,12.635324800428997,Florida Atlantic,0.9477204231191312
401237127,2020,10,South Carolina,Texas A&M,False,True,True,3.0,48.0,-45.0,-12.507166319484558,0.16129964087461146,12.6423907999268,Texas A&M,0.8387003591253885
401249402,2020,10,Colorado,UCLA,False,True,True,48.0,42.0,6.0,1.1251303589593293,0.5354834796822237,12.632057838898916,Colorado,0.5354834796822237
401236018,2020,10,Iowa State,Baylor,False,True,True,38.0,31.0,7.0,-1.6325841193293176,0.4486215107761567,12.640356279574268,Baylor,0.5513784892238434
401249399,2020,10,Oregon,Stanford,False,True,True,35.0,14.0,21.0,19.57339839250194,0.9392488685984226,12.636437545800732,Oregon,0.9392488685984226
401247310,2020,10,Ohio State,Rutgers,False,True,True,49.0,27.0,22.0,40.601867662110365,0.9993133339573771,12.674667593034952,Ohio State,0.9993133339573771
401237124,2020,10,Arkansas,Tennessee,False,True,True,24.0,13.0,11.0,-0.19459255248674134,0.4938559060876656,12.633473996717658,Tennessee,0.5061440939123344
401234632,2020,10,Notre Dame,Clemson,False,True,True,47.0,40.0,7.0,-7.793849517402597,0.26865792608745287,12.63282050385343,Clemson,0.7313420739125471
401215325,2020,10,Coastal Carolina,South Alabama,False,True,True,23.0,6.0,17.0,19.587730719862808,0.9394084180611719,12.634852067471007,Coastal Carolina,0.9394084180611719
401249397,2020,10,Oregon State,Washington State,False,True,True,28.0,38.0,-10.0,-10.063373111276654,0.21287961530879063,12.633148059029185,Washington State,0.7871203846912094
401249007,2020,10,Hawai'i,New Mexico,False,True,True,39.0,33.0,6.0,11.416920117069896,0.8163776700983583,12.66026798880311,Hawai'i,0.8163776700983583
401249861,2020,11,Ohio,Akron,False,True,True,24.0,10.0,14.0,31.978601354314424,0.9941648517197034,12.671930981985042,Ohio,0.9941648517197034
401249862,2020,11,Bowling Green,Kent State,False,True,True,24.0,62.0,-38.0,-23.03504770355381,0.03447899638973888,12.660950575326241,Kent State,0.9655210036102612
401249890,2020,11,Buffalo,Miami (OH),False,True,True,42.0,10.0,32.0,12.862153539942062,0.8447004080054022,12.682759796278857,Buffalo,0.8447004080054022
401249865,2020,11,Ball State,Eastern Michigan,False,True,True,38.0,31.0,7.0,3.1375589892542726,0.5978611737648044,12.659728704283102,Ball State,0.5978611737648044
401249864,2020,11,Northern Illinois,Central Michigan,False,True,True,10.0,40.0,-30.0,-9.552562867881276,0.22521288813739282,12.65561014255648,Central Michigan,0.7747871118626072
401249866,2020,11,Western Michigan,Toledo,False,True,True,41.0,38.0,3.0,12.713293390429827,0.8424697572236234,12.65210694075423,Western Michigan,0.8424697572236234
401249012,2020,11,Boise State,Colorado State,False,True,True,52.0,21.0,31.0,20.50149776042256,0.9473814202492671,12.651428481917177,Boise State,0.9473814202492671
401247317,2020,11,Minnesota,Iowa,False,True,True,7.0,35.0,-28.0,-13.554595966020276,0.14228843224133683,12.66436399661774,Iowa,0.8577115677586632
401207174,2020,11,Florida International,Florida Atlantic,False,True,True,19.0,38.0,-19.0,-16.37960028237723,0.09764970126557199,12.644801402017265,Florida Atlantic,0.9023502987344281
401212545,2020,11,Cincinnati,East Carolina,False,True,True,55.0,17.0,38.0,36.48090595340391,0.9980139030617342,12.655137615965659,Cincinnati,0.9980139030617342
401247316,2020,11,Michigan State,Indiana,False,True,True,0.0,24.0,-24.0,-10.423268558499872,0.20506922423541868,12.653123030722998,Indiana,0.7949307757645814
401207200,2020,11,Tulane,Army,False,False,True,38.0,12.0,26.0,15.058478578701429,0.8828530332726778,12.658219531372842,Tulane,0.8828530332726778
401247320,2020,11,Nebraska,Penn State,False,True,True,30.0,23.0,7.0,-3.8084071761294633,0.3819375235096605,12.67674823900519,Penn State,0.6180624764903395
401234642,2020,11,North Carolina,Wake Forest,False,True,True,59.0,53.0,6.0,8.870373911060101,0.7583702365279297,12.650984458349932,North Carolina,0.7583702365279297
401236024,2020,11,West Virginia,TCU,False,True,True,24.0,6.0,18.0,4.6213945676341,0.6426359697404014,12.642315899738444,West Virginia,0.6426359697404014
401207176,2020,11,Marshall,Middle Tennessee,False,True,True,42.0,14.0,28.0,24.30893042207974,0.9726567790409729,12.646775436588781,Marshall,0.9726567790409729
401237132,2020,11,Kentucky,Vanderbilt,False,True,True,38.0,35.0,3.0,28.155377259186995,0.9868869535245112,12.659802909783261,Kentucky,0.9868869535245112
401234641,2020,11,Virginia Tech,Miami,False,True,True,24.0,25.0,-1.0,3.3618335897731173,0.6047084309183333,12.658544408092913,Virginia Tech,0.6047084309183333
401247314,2020,11,Rutgers,Illinois,False,True,True,20.0,23.0,-3.0,-1.1826339052113837,0.462745175361594,12.644656200258407,Illinois,0.537254824638406
401215332,2020,11,Louisiana,South Alabama,False,True,True,38.0,10.0,28.0,25.84472325175739,0.9794474564947256,12.647971618652422,Louisiana,0.9794474564947256
401249013,2020,11,Utah State,Fresno State,False,True,True,16.0,35.0,-19.0,-11.63906088967842,0.17890591539734835,12.655411575751515,Fresno State,0.8210940846026517
401215328,2020,11,App State,Georgia State,False,True,True,17.0,13.0,4.0,24.401412988824195,0.9731306335139884,12.64498829231815,App State,0.9731306335139884
401207179,2020,11,UTSA,UTEP,False,True,True,52.0,21.0,31.0,17.198718637410156,0.9130555956882326,12.644708640542971,UTSA,0.9130555956882326
401249403,2020,11,Arizona,USC,False,True,True,30.0,34.0,-4.0,-9.11185602746386,0.2357847145952881,12.65495061536369,USC,0.764215285404712
401234637,2020,11,Boston College,Notre Dame,False,True,True,31.0,45.0,-14.0,-16.915401642141358,0.09082209504049633,12.660910250785848,Notre Dame,0.9091779049595037
401215331,2020,11,Georgia Southern,Texas State,False,True,True,40.0,38.0,2.0,17.5538336031853,0.917355690025092,12.648166731178785,Georgia Southern,0.917355690025092
401212481,2020,11,Houston,South Florida,False,True,True,56.0,21.0,35.0,27.77691618935042,0.9858969641493304,12.651633103907086,Houston,0.9858969641493304
401257934,2020,11,Virginia,Louisville,False,True,True,31.0,17.0,14.0,7.781838125127661,0.7306398979427797,12.657033571440325,Virginia,0.7306398979427797
401207178,2020,11,Western Kentucky,Southern Miss,False,True,True,10.0,7.0,3.0,8.14997886935303,0.7403589293376096,12.644804851713614,Western Kentucky,0.7403589293376096
401249406,2020,11,Stanford,Colorado,False,True,True,32.0,35.0,-3.0,2.7927013418368314,0.5871261566632275,12.683797676382467,Stanford,0.5871261566632275
401249014,2020,11,San Diego State,Hawai'i,False,True,True,34.0,10.0,24.0,16.817500866037147,0.9081759004844837,12.645437794977713,San Diego State,0.9081759004844837
401236023,2020,11,Texas Tech,Baylor,False,True,True,24.0,23.0,1.0,-12.150550404255428,0.16838803420791454,12.647394970593565,Baylor,0.8316119657920855
401247315,2020,11,Purdue,Northwestern,False,True,True,20.0,27.0,-7.0,-2.2162473357921306,0.43046008945811737,12.648466289024885,Northwestern,0.5695399105418826
401249015,2020,11,New Mexico,Nevada,False,True,True,20.0,27.0,-7.0,-5.098017042745224,0.3435213478210265,12.652917690212965,Nevada,0.6564786521789735
401249405,2020,11,Washington State,Oregon,False,True,True,29.0,43.0,-14.0,-10.524082055798822,0.20298568355637897,12.662433065746594,Oregon,0.797014316443621
401237129,2020,11,Florida,Arkansas,False,True,True,63.0,35.0,28.0,27.24809120857468,0.9842522120152372,12.66287727965151,Florida,0.9842522120152372
401212491,2020,11,Tulsa,SMU,False,True,True,28.0,24.0,4.0,-1.6701777792470085,0.44747371793251994,12.647276337027265,SMU,0.5525262820674801
401234639,2020,11,NC State,Florida State,False,True,True,38.0,22.0,16.0,11.354849085638833,0.8154433298488202,12.640701882517419,NC State,0.8154433298488202
401237133,2020,11,Ole Miss,South Carolina,False,True,True,59.0,42.0,17.0,12.426583727323237,0.8370584483801852,12.646529344379436,Ole Miss,0.8370584483801852
401247319,2020,11,Michigan,Wisconsin,False,True,True,11.0,49.0,-38.0,-12.68515775741787,0.15815385328599046,12.656689821706268,Wisconsin,0.8418461467140095
401212518,2020,11,UCF,Temple,False,True,True,38.0,13.0,25.0,26.72658119022886,0.9826646712341729,12.647509674506553,UCF,0.9826646712341729
401249016,2020,11,San José State,UNLV,False,True,True,34.0,17.0,17.0,20.80026700630021,0.9488634289542102,12.72612325694108,San José State,0.9488634289542102
401249404,2020,11,Washington,Oregon State,False,True,True,27.0,21.0,6.0,21.239354588834626,0.9533052596096785,12.654973052382976,Washington,0.9533052596096785
401261454,2020,11,UCLA,California,False,True,True,34.0,10.0,24.0,6.138102256092241,0.6855535886112436,12.699406595425083,UCLA,0.6855535886112436
401249868,2020,12,Bowling Green,Buffalo,False,True,True,17.0,42.0,-25.0,-32.28971382357955,0.005426605151423643,12.667464983982835,Buffalo,0.9945733948485763
401249867,2020,12,Kent State,Akron,False,True,True,69.0,35.0,34.0,29.172975881161523,0.9894625774320261,12.6405282835046,Kent State,0.9894625774320261
401249870,2020,12,Ball State,Northern Illinois,False,True,True,31.0,25.0,6.0,9.528239290619128,0.774393417164656,12.645385634634184,Ball State,0.774393417164656
401249871,2020,12,Eastern Michigan,Toledo,False,True,True,28.0,45.0,-17.0,0.3113723437956639,0.5098376639341645,12.624576632139979,Eastern Michigan,0.5098376639341645
401249872,2020,12,Central Michigan,Western Michigan,False,True,True,44.0,52.0,-8.0,-1.6730972041254852,0.44733435134318766,12.635678043536242,Western Michigan,0.5526656486568123
401212526,2020,12,Tulsa,Tulane,False,True,True,30.0,24.0,6.0,-8.127531381900459,0.2598873063972018,12.624880201043544,Tulane,0.7401126936027982
401234643,2020,12,Louisville,Syracuse,False,True,True,30.0,0.0,30.0,14.160037082532632,0.8687613828701478,12.634180920283232,Louisville,0.8687613828701478
401247325,2020,12,Minnesota,Purdue,False,True,True,34.0,31.0,3.0,9.709188046687913,0.7788187069342711,12.6369964172113,Minnesota,0.7788187069342711
401261674,2020,12,Florida Atlantic,Massachusetts,False,False,True,24.0,2.0,22.0,44.786303214430454,0.9997968846871549,12.65113175969159,Florida Atlantic,0.9997968846871549
401249018,2020,12,Air Force,New Mexico,False,True,True,28.0,0.0,28.0,26.29161677330905,0.9812136156769729,12.637555038954675,Air Force,0.9812136156769729
401235975,2020,12,Army,Georgia Southern,False,False,True,28.0,27.0,1.0,3.892540312477828,0.62097258627886,12.635448138069512,Army,0.62097258627886
401247321,2020,12,Nebraska,Illinois,False,True,True,23.0,41.0,-18.0,5.105814174199948,0.6568808036570896,12.637985132922301,Nebraska,0.6568808036570896
401215334,2020,12,Texas State,Arkansas State,False,True,True,47.0,45.0,2.0,-2.320459480762963,0.4270913487732529,12.62487666566919,Arkansas State,0.5729086512267472
401215333,2020,12,Coastal Carolina,App State,False,True,True,34.0,23.0,11.0,-0.2797390786891083,0.49116314425313135,12.626781083475237,App State,0.5088368557468687
401212519,2020,12,Temple,East Carolina,False,True,True,3.0,28.0,-25.0,-3.403034752586335,0.3937374451651861,12.621790353023147,East Carolina,0.606262554834814
401247326,2020,12,Ohio State,Indiana,False,True,True,42.0,35.0,7.0,20.735549085926646,0.9495285869959007,12.637314049808841,Ohio State,0.9495285869959007
401237136,2020,12,Arkansas,LSU,False,True,True,24.0,27.0,-3.0,-22.262382046616974,0.03910448609168259,12.636202124018721,LSU,0.9608955139083174
401237138,2020,12,Vanderbilt,Florida,False,True,True,17.0,38.0,-21.0,-30.951620484138843,0.007188427736828791,12.637567021734979,Florida,0.9928115722631712
401207181,2020,12,Western Kentucky,Florida International,False,True,True,38.0,21.0,17.0,4.634154561067248,0.6431928253481165,12.62567987552111,Western Kentucky,0.6431928253481165
401207184,2020,12,North Texas,Rice,False,True,True,27.0,17.0,10.0,2.1283878587183023,0.5668658602142087,12.63773662484734,North Texas,0.5668658602142087
401207185,2020,12,Southern Miss,UTSA,False,True,True,20.0,23.0,-3.0,-3.351491736528646,0.3953213791943302,12.623300770486386,UTSA,0.6046786208056698
401212540,2020,12,UCF,Cincinnati,False,True,True,33.0,36.0,-3.0,-3.5976628558474535,0.3878523236067707,12.625706429269792,Cincinnati,0.6121476763932293
401249415,2020,12,Oregon,UCLA,False,True,True,38.0,35.0,3.0,20.284400259724727,0.9455300738009065,12.65033527780532,Oregon,0.9455300738009065
401215335,2020,12,South Alabama,Georgia State,False,True,True,14.0,31.0,-17.0,-3.694209969860403,0.3848878169834055,12.621335616446208,Georgia State,0.6151121830165944
401247327,2020,12,Penn State,Iowa,False,True,True,21.0,41.0,-20.0,-14.099548652267485,0.13230602369212002,12.636594361172206,Iowa,0.8676939763078799
401249411,2020,12,Oregon State,California,False,True,True,31.0,27.0,4.0,-0.9880585025922863,0.4689097430946904,12.66457495768383,California,0.5310902569053095
401247323,2020,12,Northwestern,Wisconsin,False,True,True,17.0,7.0,10.0,-12.230972321817875,0.16661320295774246,12.63796130431822,Wisconsin,0.8333867970422575
401249019,2020,12,Nevada,San Diego State,False,True,True,26.0,21.0,5.0,-12.795739907460845,0.15551602881694143,12.628601074204058,San Diego State,0.8444839711830585
401240641,2020,12,Troy,Middle Tennessee,False,False,True,17.0,20.0,-3.0,14.357147520875452,0.8721440878495901,12.62934622022783,Troy,0.8721440878495901
401234648,2020,12,Pittsburgh,Virginia Tech,False,True,True,47.0,14.0,33.0,7.061689930460743,0.7117909227719863,12.639792513092294,Pittsburgh,0.7117909227719863
401236025,2020,12,Iowa State,Kansas State,False,True,True,45.0,0.0,45.0,20.537742860524602,0.9480139405297874,12.627710702131084,Iowa State,0.9480139405297874
401237135,2020,12,Alabama,Kentucky,False,True,True,63.0,3.0,60.0,35.04829089569947,0.9971891740352049,12.64765132724302,Alabama,0.9971891740352049
401237137,2020,12,Auburn,Tennessee,False,True,True,30.0,17.0,13.0,25.584345050831622,0.9785398358656007,12.63193506805257,Auburn,0.9785398358656007
401237139,2020,12,Georgia,Mississippi State,False,True,True,31.0,24.0,7.0,23.552476927467684,0.9688714837328163,12.627476531507819,Georgia,0.9688714837328163
401234647,2020,12,NC State,Liberty,False,False,True,15.0,14.0,1.0,-1.695677969282139,0.4466035788962053,12.629915365440237,Liberty,0.5533964211037947
401237141,2020,12,South Carolina,Missouri,False,True,True,10.0,17.0,-7.0,-7.396956788429249,0.27897185580209344,12.623524836792823,Missouri,0.7210281441979065
401236027,2020,12,Oklahoma,Oklahoma State,False,True,True,41.0,13.0,28.0,21.220491504929143,0.9534253817771614,12.634519359811094,Oklahoma,0.9534253817771614
401247324,2020,12,Rutgers,Michigan,False,True,True,42.0,48.0,-6.0,-17.090369112139562,0.08808554086750381,12.631770037876322,Michigan,0.9119144591324961
401249413,2020,12,Washington,Arizona,False,True,True,44.0,27.0,17.0,21.0440540452507,0.9519635739457091,12.641073218095086,Washington,0.9519635739457091
401249410,2020,12,Utah,USC,False,True,True,17.0,33.0,-16.0,0.4659972648290758,0.5147085845317673,12.635336827609565,Utah,0.5147085845317673
401249017,2020,12,Hawai'i,Boise State,False,True,True,32.0,40.0,-8.0,-14.112221763734496,0.13201146293861982,12.632359992251645,Boise State,0.8679885370613802
401249025,2020,13,Utah State,New Mexico,False,True,True,41.0,27.0,14.0,9.461374854620425,0.7727535770900649,12.648144785859301,Utah State,0.7727535770900649
401236029,2020,13,Texas,Iowa State,False,True,True,20.0,23.0,-3.0,2.0827561816996,0.5654146261583566,12.643744622349633,Texas,0.5654146261583566
401251926,2020,13,Liberty,Massachusetts,False,False,True,45.0,0.0,45.0,41.228869508413474,0.9994284822726597,12.662758870878546,Liberty,0.9994284822726597
401247332,2020,13,Iowa,Nebraska,False,True,True,26.0,20.0,6.0,24.55813816986717,0.9738512706103007,12.649315972537208,Iowa,0.9738512706103007
401234650,2020,13,North Carolina,Notre Dame,False,True,True,17.0,31.0,-14.0,-4.461381732489251,0.3623837482664679,12.669778551113959,Notre Dame,0.6376162517335321
401212483,2020,13,South Florida,UCF,False,True,True,46.0,58.0,-12.0,-29.682262006503187,0.009527438444210671,12.653663058748975,UCF,0.9904725615557893
401249028,2020,13,UNLV,Wyoming,False,True,True,14.0,45.0,-31.0,-22.390378099590766,0.03842922112124581,12.651141591060172,Wyoming,0.9615707788787542
401249874,2020,13,Eastern Michigan,Central Michigan,False,True,True,23.0,31.0,-8.0,-5.892085624337575,0.32069489836062287,12.649268428961662,Central Michigan,0.6793051016393772
401249417,2020,13,California,Stanford,False,True,True,23.0,24.0,-1.0,2.1857322160108525,0.5685833884885544,12.650101189375926,California,0.5685833884885544
401249418,2020,13,Oregon State,Oregon,False,True,True,41.0,38.0,3.0,-18.503264517905983,0.07189184266566945,12.65411488229018,Oregon,0.9281081573343306
401234655,2020,13,Syracuse,NC State,False,True,True,29.0,36.0,-7.0,-4.317125126165525,0.3664036716423743,12.644403017986253,NC State,0.6335963283576257
401249873,2020,13,Toledo,Ball State,False,True,True,24.0,27.0,-3.0,-1.2422408990742575,0.46086715143957224,12.642678220363889,Ball State,0.5391328485604278
401237144,2020,13,Florida,Kentucky,False,True,True,34.0,10.0,24.0,19.101075669986916,0.934242696695575,12.661677650465736,Florida,0.934242696695575
401249876,2020,13,Ohio,Bowling Green,False,True,True,52.0,10.0,42.0,40.92930226235093,0.9993788973867687,12.66325442655977,Ohio,0.9993788973867687
401236032,2020,13,Oklahoma State,Texas Tech,False,True,True,50.0,44.0,6.0,12.157022004619048,0.831753321362659,12.646789271441317,Oklahoma State,0.831753321362659
401212513,2020,13,East Carolina,SMU,False,True,True,52.0,38.0,14.0,-5.617917596156801,0.32842426469717867,12.644042103309973,SMU,0.6715757353028213
401215339,2020,13,Georgia State,Georgia Southern,False,True,True,30.0,24.0,6.0,-6.882527269741189,0.2931123063209179,12.642992655844811,Georgia Southern,0.7068876936790821
401237143,2020,13,Missouri,Vanderbilt,False,True,True,41.0,0.0,41.0,31.25909252210224,0.9932331117624613,12.650950113838642,Missouri,0.9932331117624613
401247333,2020,13,Michigan,Penn State,False,True,True,17.0,27.0,-10.0,0.5399211635010079,0.5170299940959503,12.643204254279658,Michigan,0.5170299940959503
401249877,2020,13,Buffalo,Kent State,False,True,True,70.0,41.0,29.0,18.026828317685265,0.9228888580986774,12.649161851754847,Buffalo,0.9228888580986774
401247329,2020,13,Indiana,Maryland,False,True,True,27.0,11.0,16.0,20.315997993415408,0.9457563315016164,12.653882078793941,Indiana,0.9457563315016164
401249875,2020,13,Western Michigan,Northern Illinois,False,True,True,30.0,27.0,3.0,18.143778316182786,0.9239797388384643,12.663772889381015,Western Michigan,0.9239797388384643
401249892,2020,13,Akron,Miami (OH),False,True,True,7.0,38.0,-31.0,-28.553553390321436,0.012058743743419954,12.654394536302549,Miami (OH),0.98794125625658
401207191,2020,13,UTSA,North Texas,False,True,True,49.0,17.0,32.0,14.276404479349878,0.8703835143194537,12.651644338007408,UTSA,0.8703835143194537
401215340,2020,13,UL Monroe,Louisiana,False,True,True,20.0,70.0,-50.0,-39.49927676463109,0.0009104802918787108,12.656744333494643,Louisiana,0.9990895197081213
401215338,2020,13,Texas State,Coastal Carolina,False,True,True,14.0,49.0,-35.0,-25.372969478675806,0.022454794029570062,12.646316371864916,Coastal Carolina,0.9775452059704299
401215337,2020,13,Arkansas State,South Alabama,False,True,True,31.0,38.0,-7.0,4.286337153204973,0.6327001709982202,12.642371396809752,Arkansas State,0.6327001709982202
401247330,2020,13,Michigan State,Northwestern,False,True,True,29.0,20.0,9.0,-2.7935175283566105,0.4126671717119305,12.657022397782304,Northwestern,0.5873328282880694
401237142,2020,13,Alabama,Auburn,False,True,True,42.0,13.0,29.0,20.126033347657152,0.9440520110891134,12.656265823113387,Alabama,0.9440520110891134
401234651,2020,13,Clemson,Pittsburgh,False,True,True,52.0,17.0,35.0,31.82372280613128,0.9940213377873516,12.65378009724188,Clemson,0.9940213377873516
401215336,2020,13,App State,Troy,False,True,True,47.0,10.0,37.0,22.29572824950281,0.9610266159968822,12.64404484166196,App State,0.9610266159968822
401247328,2020,13,Purdue,Rutgers,False,True,True,30.0,37.0,-7.0,8.503506944173614,0.7494063659296064,12.640757613702554,Purdue,0.7494063659296064
401234649,2020,13,Boston College,Louisville,False,True,True,34.0,27.0,7.0,2.5779704070254716,0.5807184556905716,12.652630933619752,Boston College,0.5807184556905716
401237147,2020,13,Ole Miss,Mississippi State,False,True,True,31.0,24.0,7.0,12.047456092884007,0.8291453577454089,12.66891035898348,Ole Miss,0.8291453577454089
401265734,2020,13,Colorado,San Diego State,False,False,True,20.0,10.0,10.0,-4.9350629665276,0.34831504894894794,12.656880306901625,San Diego State,0.6516849510510521
401236028,2020,13,Baylor,Kansas State,False,True,True,32.0,31.0,1.0,13.877986076935425,0.8636736675922135,12.648792870366195,Baylor,0.8636736675922135
401234652,2020,13,Georgia Tech,Duke,False,True,True,56.0,33.0,23.0,0.1083526483100758,0.5034193530983151,12.640480726904912,Georgia Tech,0.5034193530983151
401264080,2020,13,Navy,Memphis,False,True,True,7.0,10.0,-3.0,-9.892026461097792,0.21703881302507622,12.644157389722894,Memphis,0.7829611869749238
401237146,2020,13,Texas A&M,LSU,False,True,True,20.0,7.0,13.0,-2.947427084823153,0.40789866420815624,12.651285476600748,LSU,0.5921013357918438
401237145,2020,13,South Carolina,Georgia,False,True,True,16.0,45.0,-29.0,-23.458955174710553,0.03187452272177767,12.648880658764028,Georgia,0.9681254772782223
401265458,2020,13,Washington,Utah,False,True,True,24.0,21.0,3.0,6.420639442302599,0.6940266229542754,12.65523393037202,Washington,0.6940266229542754
401236030,2020,13,Kansas,TCU,False,True,True,23.0,59.0,-36.0,-32.941334534434944,0.004643212342731723,12.654968293216138,TCU,0.9953567876572683
401249421,2020,13,UCLA,Arizona,False,True,True,27.0,10.0,17.0,9.623327649599936,0.7766006071301432,12.647888620410775,UCLA,0.7766006071301432
401249024,2020,13,Hawai'i,Nevada,False,True,True,24.0,21.0,3.0,3.7250554933521065,0.6158496727397451,12.64335643432939,Hawai'i,0.6158496727397451
401265703,2020,14,North Texas,Louisiana Tech,False,True,True,31.0,42.0,-11.0,-11.378889549175934,0.18381355788795423,12.628293941494418,Louisiana Tech,0.8161864421120457
401249029,2020,14,Utah State,Air Force,False,True,True,7.0,35.0,-28.0,-19.97259780535622,0.057029908145549,12.63555705765607,Air Force,0.942970091854451
401252117,2020,14,App State,Louisiana,False,True,True,21.0,24.0,-3.0,2.8899578173063825,0.5905541056697963,12.620418030649116,App State,0.5905541056697963
401236036,2020,14,Kansas State,Texas,False,True,True,31.0,69.0,-38.0,-23.49171610123652,0.03149035119177509,12.629828226406488,Texas,0.9685096488082249
401237150,2020,14,Auburn,Texas A&M,False,True,True,20.0,31.0,-11.0,5.853730925925574,0.6784365650271422,12.632726425236159,Auburn,0.6784365650271422
401249880,2020,14,Northern Illinois,Toledo,False,True,True,24.0,41.0,-17.0,-7.0087531967516625,0.2894125393472261,12.624693236681068,Toledo,0.7105874606527739
401247340,2020,14,Michigan State,Ohio State,False,True,True,12.0,52.0,-40.0,-32.419717096553384,0.005224630552217218,12.65302770725025,Ohio State,0.9947753694477828
401247335,2020,14,Purdue,Nebraska,False,True,True,27.0,37.0,-10.0,-1.8334877713062496,0.44224328754845627,12.618943542506388,Nebraska,0.5577567124515437
401247336,2020,14,Rutgers,Penn State,False,True,True,7.0,23.0,-16.0,-16.319909758317184,0.09804183542061876,12.620978831108046,Penn State,0.9019581645793813
401264082,2020,14,Tulane,Memphis,False,True,True,35.0,21.0,14.0,9.9004888631487,0.7836221660725515,12.618670584462668,Tulane,0.7836221660725515
401257812,2020,14,Marshall,Rice,False,True,True,0.0,20.0,-20.0,7.466324165238347,0.7228948035097122,12.622069524479922,Marshall,0.7228948035097122
401265818,2020,14,Missouri,Arkansas,False,True,True,50.0,48.0,2.0,16.426532405076284,0.9033821841201337,12.622601174854315,Missouri,0.9033821841201337
401236037,2020,14,TCU,Oklahoma State,False,True,True,29.0,22.0,7.0,4.103734780961729,0.6274660171741728,12.619909471315564,TCU,0.6274660171741728
401236035,2020,14,Texas Tech,Kansas,False,True,True,16.0,13.0,3.0,25.016630277882765,0.9761852745188797,12.625271297292857,Texas Tech,0.9761852745188797
401249878,2020,14,Central Michigan,Ball State,False,True,True,20.0,45.0,-25.0,-2.930933803348106,0.40819633144985806,12.622044101180025,Ball State,0.591803668550142
401249879,2020,14,Western Michigan,Eastern Michigan,False,True,True,42.0,53.0,-11.0,8.777998177065504,0.7564954577763263,12.627312043752644,Western Michigan,0.7564954577763263
401249881,2020,14,Akron,Bowling Green,False,True,True,31.0,3.0,28.0,11.84134736825911,0.8258188689332168,12.625146598524495,Akron,0.8258188689332168
401262494,2020,14,South Alabama,Troy,False,True,True,0.0,29.0,-29.0,-13.984414839821335,0.133945888888678,12.619760008088152,Troy,0.866054111111322
401234662,2020,14,Notre Dame,Syracuse,False,True,True,45.0,21.0,24.0,32.100519346282034,0.9944289756314899,12.639058146913662,Notre Dame,0.9944289756314899
401262493,2020,14,Arkansas State,UL Monroe,False,True,True,48.0,15.0,33.0,23.74779183248098,0.9699748682950771,12.624179001964055,Arkansas State,0.9699748682950771
401247338,2020,14,Wisconsin,Indiana,False,True,True,6.0,14.0,-8.0,11.44721602592674,0.8175222467949019,12.633496690053395,Wisconsin,0.8175222467949019
401264083,2020,14,Navy,Tulsa,False,True,True,6.0,19.0,-13.0,-6.247106871056014,0.31035420953714044,12.62302082398898,Tulsa,0.6896457904628596
401234656,2020,14,Virginia,Boston College,False,True,True,43.0,32.0,11.0,5.345304331443852,0.6640663670771308,12.617910495501507,Virginia,0.6640663670771308
401236034,2020,14,Iowa State,West Virginia,False,True,True,42.0,6.0,36.0,17.61726353663792,0.9184890606651158,12.625943210666396,Iowa State,0.9184890606651158
401237151,2020,14,Tennessee,Florida,False,True,True,19.0,31.0,-12.0,-17.804049766391216,0.07930641482276193,12.626059593739004,Florida,0.9206935851772381
401247337,2020,14,Illinois,Iowa,False,True,True,21.0,35.0,-14.0,-24.264641602965323,0.027403762880039678,12.63027199028269,Iowa,0.9725962371199603
401234659,2020,14,NC State,Georgia Tech,False,True,True,23.0,13.0,10.0,8.356494400253743,0.7461011089024874,12.616431744522037,NC State,0.7461011089024874
401249424,2020,14,Washington,Stanford,False,True,True,26.0,31.0,-5.0,13.158192610071717,0.8513363267944779,12.623424588618633,Washington,0.8513363267944779
401237514,2020,14,Coastal Carolina,BYU,False,False,True,22.0,17.0,5.0,-8.194728059431608,0.25815390051801446,12.624283804365122,BYU,0.7418460994819855
401249033,2020,14,San José State,Hawai'i,False,True,True,35.0,24.0,11.0,11.623888072063606,0.8198325359869745,12.70554793694446,San José State,0.8198325359869745
401261675,2020,14,Georgia Southern,Florida Atlantic,False,False,True,20.0,3.0,17.0,-0.9176682571918816,0.4710423083848411,12.630296541725933,Florida Atlantic,0.5289576916151588
401249423,2020,14,California,Oregon,False,True,True,21.0,17.0,4.0,-18.56438029717659,0.07082237580892503,12.628136054879294,Oregon,0.929177624191075
401249426,2020,14,Arizona,Colorado,False,True,True,13.0,24.0,-11.0,-5.563237784814225,0.32981033094179624,12.629921445229044,Colorado,0.6701896690582038
401249031,2020,14,San Diego State,Colorado State,False,True,True,29.0,17.0,12.0,15.796609007873508,0.8945837689895502,12.621663668119586,San Diego State,0.8945837689895502
401234657,2020,14,Virginia Tech,Clemson,False,True,True,10.0,45.0,-35.0,-33.28366142832378,0.004239315933277504,12.63553574525422,Clemson,0.9957606840667225
401237153,2020,14,Kentucky,South Carolina,False,True,True,41.0,18.0,23.0,14.199399285843661,0.8695959865120915,12.62510406866307,Kentucky,0.8695959865120915
401236033,2020,14,Oklahoma,Baylor,False,True,True,27.0,14.0,13.0,14.331335476368178,0.8717563868466163,12.627290866354915,Oklahoma,0.8717563868466163
401265817,2020,14,LSU,Alabama,False,True,True,17.0,55.0,-38.0,-24.064640181848297,0.028401494430151126,12.628652721116818,Alabama,0.9715985055698488
401266134,2020,14,Duke,Miami,False,True,True,0.0,48.0,-48.0,-23.001544115855168,0.03435220829427767,12.631178727652474,Miami,0.9656477917057223
401249032,2020,14,Nevada,Fresno State,False,True,True,37.0,26.0,11.0,-1.9681238346339074,0.4380334034084927,12.618568451122014,Fresno State,0.5619665965915073
401249425,2020,14,Arizona State,UCLA,False,True,True,18.0,25.0,-7.0,2.246101828155199,0.5706175667991038,12.621246784664788,Arizona State,0.5706175667991038
401249422,2020,14,Utah,Oregon State,False,True,True,30.0,24.0,6.0,15.600979590634738,0.8915630719476356,12.630905016629212,Utah,0.8915630719476356
401249034,2020,14,New Mexico,Wyoming,False,True,True,17.0,16.0,1.0,-20.04963737550843,0.0561619472966936,12.623330933423182,Wyoming,0.9438380527033065
401266789,2020,14,Charlotte,Western Kentucky,False,True,True,19.0,37.0,-18.0,-4.42391520444309,0.3629971456819645,12.622023798398741,Western Kentucky,0.6370028543180355
401249427,2020,14,USC,Washington State,False,True,True,38.0,13.0,25.0,8.703140467341438,0.7545767340283387,12.630678878456328,USC,0.7545767340283387
401257813,2020,15,Southern Miss,Florida Atlantic,False,True,True,45.0,31.0,14.0,-10.60912073682352,0.20060969676990192,12.636480248330193,Florida Atlantic,0.7993903032300981
401261245,2020,15,Georgia Tech,Pittsburgh,False,True,True,20.0,34.0,-14.0,-12.730164467153479,0.15685257280734421,12.63358475545889,Pittsburgh,0.8431474271926558
401257816,2020,15,UTEP,North Texas,False,True,True,43.0,45.0,-2.0,-4.822957525545445,0.3513529467377006,12.635259167477923,North Texas,0.6486470532622994
401249429,2020,15,Arizona,Arizona State,False,True,True,7.0,70.0,-63.0,-28.169448549392477,0.012958612544439778,12.640311310221476,Arizona State,0.9870413874555602
401249037,2020,15,San José State,Nevada,False,True,True,30.0,20.0,10.0,11.950593909954133,0.826043613824576,12.729776849101372,San José State,0.826043613824576
401247345,2020,15,Nebraska,Minnesota,False,True,True,17.0,24.0,-7.0,-4.731011347183803,0.35409122761578554,12.638501034569583,Minnesota,0.6459087723842145
401249428,2020,15,Colorado,Utah,False,True,True,21.0,38.0,-17.0,-11.726568407710527,0.17674362154775863,12.636548836624144,Utah,0.8232563784522413
401247346,2020,15,Penn State,Michigan State,False,True,True,39.0,24.0,15.0,16.286076089972706,0.9011968600179986,12.637768938304303,Penn State,0.9011968600179986
401249884,2020,15,Eastern Michigan,Northern Illinois,False,True,True,41.0,33.0,8.0,10.389082881048482,0.7944262247016443,12.638956832297742,Eastern Michigan,0.7944262247016443
401249885,2020,15,Ball State,Western Michigan,False,True,True,30.0,27.0,3.0,1.5580977586098674,0.5490623702974424,12.636327142084395,Ball State,0.5490623702974424
401247344,2020,15,Northwestern,Illinois,False,True,True,28.0,10.0,18.0,12.13442894799569,0.8314063320218634,12.64149265679864,Northwestern,0.8314063320218634
401247342,2020,15,Maryland,Rutgers,False,True,True,24.0,27.0,-3.0,1.0206931541063282,0.5321862099353944,12.636522399930769,Maryland,0.5321862099353944
401266696,2020,15,Louisville,Wake Forest,False,True,True,45.0,21.0,24.0,5.11521067332921,0.657165068293126,12.637107643591568,Louisville,0.657165068293126
401267164,2020,15,Arkansas,Alabama,False,True,True,3.0,52.0,-49.0,-47.14091581594339,9.939211500622088e-05,12.654953367554537,Alabama,0.9999006078849938
401267161,2020,15,Missouri,Georgia,False,True,True,14.0,49.0,-35.0,-17.01374329985138,0.08915782586074099,12.637689477932442,Georgia,0.910842174139259
401257815,2020,15,Rice,UAB,False,True,True,16.0,21.0,-5.0,-4.230173500469516,0.3689339605742826,12.638374656337012,UAB,0.6310660394257174
401249886,2020,15,Buffalo,Akron,False,True,True,56.0,7.0,49.0,44.54192576782343,0.99977776275694,12.668304822776605,Buffalo,0.99977776275694
401259671,2020,15,Troy,Coastal Carolina,False,True,True,38.0,42.0,-4.0,-8.64638053989523,0.24697708038867056,12.638768932401415,Coastal Carolina,0.7530229196113294
401207203,2020,15,Army,Navy,True,False,True,15.0,0.0,15.0,12.946498043842027,0.8456165237934494,12.717794804003788,Army,0.8456165237934494
401249883,2020,15,Toledo,Central Michigan,False,True,True,24.0,23.0,1.0,0.6808056766365317,0.5214879976106362,12.63255991302661,Toledo,0.5214879976106362
401234661,2020,15,Miami,North Carolina,False,True,True,26.0,62.0,-36.0,-12.000085708897977,0.1713455097604425,12.644850945517936,North Carolina,0.8286544902395575
401247347,2020,15,Iowa,Wisconsin,False,True,True,28.0,7.0,21.0,7.1595631527818355,0.7144527707427184,12.638199946780453,Iowa,0.7144527707427184
401250713,2020,15,Baylor,Oklahoma State,False,True,True,3.0,42.0,-39.0,-8.610954789136986,0.24774730226915276,12.632002583427727,Oklahoma State,0.7522526977308472
401264084,2020,15,Memphis,Houston,False,True,True,30.0,27.0,3.0,3.1304897048146727,0.5978642908590763,12.630860934420864,Memphis,0.5978642908590763
401266694,2020,15,Florida State,Duke,False,True,True,56.0,35.0,21.0,6.449224375401023,0.6951215186497232,12.633814720938142,Florida State,0.6951215186497232
401267163,2020,15,Vanderbilt,Tennessee,False,True,True,17.0,42.0,-25.0,-18.53924368507971,0.07120781661292731,12.635503744534756,Tennessee,0.9287921833870727
401215309,2020,15,Georgia Southern,App State,False,True,True,26.0,34.0,-8.0,-8.911193109945446,0.2402815546088667,12.631320019727081,App State,0.7597184453911333
401249035,2020,15,Wyoming,Boise State,False,True,True,9.0,17.0,-8.0,-5.313354759898805,0.3371223710106185,12.639705386302957,Boise State,0.6628776289893815
401251100,2020,15,Florida,LSU,False,True,True,34.0,37.0,-3.0,4.046569946320309,0.6255761338551946,12.638103138489399,Florida,0.6255761338551946
401266711,2020,15,TCU,Louisiana Tech,False,False,True,52.0,10.0,42.0,25.486105127222945,0.9780167981365643,12.64663509844849,TCU,0.9780167981365643
401249431,2020,15,UCLA,USC,False,True,True,38.0,43.0,-5.0,-6.872587329221303,0.29329276738514076,12.636951325625986,USC,0.7067072326148592
401260157,2020,15,Mississippi State,Auburn,False,True,True,10.0,24.0,-14.0,-19.12848980786176,0.06526671867827376,12.64768988518337,Auburn,0.9347332813217263
401234572,2020,15,Virginia Tech,Virginia,False,True,True,33.0,15.0,18.0,3.0135481080521234,0.5942500090088845,12.634780735774617,Virginia Tech,0.5942500090088845
401249435,2020,15,BYU,San Diego State,False,False,True,28.0,14.0,14.0,17.308332323912477,0.9143821952890396,12.647047007559184,BYU,0.9143821952890396
401249432,2020,15,Oregon State,Stanford,False,True,True,24.0,27.0,-3.0,-1.7144737070244296,0.44602028378877384,12.63113237814533,Stanford,0.5539797162112261
401249036,2020,15,New Mexico,Fresno State,False,True,True,49.0,39.0,10.0,-9.859626554992676,0.2176414804803864,12.635906883326566,Fresno State,0.7823585195196137
401249038,2020,15,Hawai'i,UNLV,False,True,True,38.0,21.0,17.0,15.94275794959687,0.8964556653972117,12.634132644525963,Hawai'i,0.8964556653972117
